// Package fonts provides embedded raster font data plus the separate fman/v2
// support types that are not part of Agg2D's primary font path.
// The bitmap fonts use the AGG embedded raster font format and are binary-compatible
// with the original C++ implementation.
package fonts

// Font format specification:
// - Byte 0: Height (pixels)
// - Byte 1: Baseline (pixels from top)
// - Byte 2: Start character (ASCII value)
// - Byte 3: Number of characters
// - Next (num_chars * 2) bytes: Character offset table (little-endian 16-bit offsets)
// - Remaining bytes: Character bitmap data
//
// Each character bitmap starts with a width byte, followed by bitmap rows.
// For characters <= 8 pixels wide, each row is 1 byte.
// For wider characters, multiple bytes per row are used.

// GSE4x6 - 4x6 pixel bitmap font
// Covers ASCII 32-127 (96 characters: space through DEL)
var GSE4x6 = []byte{
	0x06, 0x00, 0x20, 0x60, 0x00, 0x00, 0x07, 0x00, 0x0e, 0x00, 0x15, 0x00, 0x1c, 0x00, 0x23, 0x00,
	0x2a, 0x00, 0x31, 0x00, 0x38, 0x00, 0x3f, 0x00, 0x46, 0x00, 0x4d, 0x00, 0x54, 0x00, 0x5b, 0x00,
	0x62, 0x00, 0x69, 0x00, 0x70, 0x00, 0x77, 0x00, 0x7e, 0x00, 0x85, 0x00, 0x8c, 0x00, 0x93, 0x00,
	0x9a, 0x00, 0xa1, 0x00, 0xa8, 0x00, 0xaf, 0x00, 0xb6, 0x00, 0xbd, 0x00, 0xc4, 0x00, 0xcb, 0x00,
	0xd2, 0x00, 0xd9, 0x00, 0xe0, 0x00, 0xe7, 0x00, 0xee, 0x00, 0xf5, 0x00, 0xfc, 0x00, 0x03, 0x01,
	0x0a, 0x01, 0x11, 0x01, 0x18, 0x01, 0x1f, 0x01, 0x26, 0x01, 0x2d, 0x01, 0x34, 0x01, 0x3b, 0x01,
	0x42, 0x01, 0x49, 0x01, 0x50, 0x01, 0x57, 0x01, 0x5e, 0x01, 0x65, 0x01, 0x6c, 0x01, 0x73, 0x01,
	0x7a, 0x01, 0x81, 0x01, 0x88, 0x01, 0x8f, 0x01, 0x96, 0x01, 0x9d, 0x01, 0xa4, 0x01, 0xab, 0x01,
	0xb2, 0x01, 0xb9, 0x01, 0xc0, 0x01, 0xc7, 0x01, 0xce, 0x01, 0xd5, 0x01, 0xdc, 0x01, 0xe3, 0x01,
	0xea, 0x01, 0xf1, 0x01, 0xf8, 0x01, 0xff, 0x01, 0x06, 0x02, 0x0d, 0x02, 0x14, 0x02, 0x1b, 0x02,
	0x22, 0x02, 0x29, 0x02, 0x30, 0x02, 0x37, 0x02, 0x3e, 0x02, 0x45, 0x02, 0x4c, 0x02, 0x53, 0x02,
	0x5a, 0x02, 0x61, 0x02, 0x68, 0x02, 0x6f, 0x02, 0x76, 0x02, 0x7d, 0x02, 0x84, 0x02, 0x8b, 0x02,
	0x92, 0x02, 0x99, 0x02, 0x04, 0x00, 0x00, 0x00, 0x00, 0x00, 0x00, 0x04, 0x40, 0x40, 0x40, 0x00,
	0x40, 0x00, 0x04, 0xa0, 0xa0, 0x00, 0x00, 0x00, 0x00, 0x04, 0x60, 0xf0, 0x60, 0xf0, 0x60, 0x00,
	0x04, 0x40, 0x60, 0xc0, 0x60, 0xc0, 0x40, 0x04, 0xa0, 0x20, 0x40, 0x80, 0xa0, 0x00, 0x04, 0xe0,
	0xa0, 0x50, 0xa0, 0xd0, 0x00, 0x04, 0x40, 0x40, 0x00, 0x00, 0x00, 0x00, 0x04, 0x20, 0x40, 0x40,
	0x40, 0x20, 0x00, 0x04, 0x40, 0x20, 0x20, 0x20, 0x40, 0x00, 0x04, 0xa0, 0x40, 0xe0, 0x40, 0xa0,
	0x00, 0x04, 0x40, 0x40, 0xe0, 0x40, 0x40, 0x00, 0x04, 0x00, 0x00, 0x00, 0x40, 0x40, 0x80, 0x04,
	0x00, 0x00, 0xe0, 0x00, 0x00, 0x00, 0x04, 0x00, 0x00, 0x00, 0x00, 0x40, 0x00, 0x04, 0x10, 0x20,
	0x20, 0x40, 0x40, 0x80, 0x04, 0xe0, 0xa0, 0xa0, 0xa0, 0xe0, 0x00, 0x04, 0x40, 0xc0, 0x40, 0x40,
	0xe0, 0x00, 0x04, 0xe0, 0xa0, 0x20, 0x40, 0xe0, 0x00, 0x04, 0xe0, 0x20, 0x40, 0x20, 0xe0, 0x00,
	0x04, 0xa0, 0xa0, 0xe0, 0x20, 0x20, 0x00, 0x04, 0xe0, 0x80, 0xc0, 0x20, 0xc0, 0x00, 0x04, 0x40,
	0x80, 0xe0, 0xa0, 0xe0, 0x00, 0x04, 0xe0, 0xa0, 0x20, 0x40, 0x40, 0x00, 0x04, 0xe0, 0xa0, 0x40,
	0xa0, 0xe0, 0x00, 0x04, 0xe0, 0xa0, 0xe0, 0x20, 0xc0, 0x00, 0x04, 0x00, 0x40, 0x00, 0x40, 0x00,
	0x00, 0x04, 0x00, 0x40, 0x00, 0x40, 0x40, 0x80, 0x04, 0x20, 0x40, 0x80, 0x40, 0x20, 0x00, 0x04,
	0x00, 0xe0, 0x00, 0xe0, 0x00, 0x00, 0x04, 0x80, 0x40, 0x20, 0x40, 0x80, 0x00, 0x04, 0xc0, 0x20,
	0x40, 0x00, 0x40, 0x00, 0x04, 0x40, 0xa0, 0xe0, 0xe0, 0x80, 0x60, 0x04, 0x40, 0xa0, 0xe0, 0xa0,
	0xa0, 0x00, 0x04, 0xc0, 0xa0, 0xc0, 0xa0, 0xc0, 0x00, 0x04, 0x60, 0x80, 0x80, 0x80, 0x60, 0x00,
	0x04, 0xc0, 0xa0, 0xa0, 0xa0, 0xc0, 0x00, 0x04, 0xe0, 0x80, 0xc0, 0x80, 0xe0, 0x00, 0x04, 0xe0,
	0x80, 0xc0, 0x80, 0x80, 0x00, 0x04, 0x60, 0x80, 0xa0, 0xa0, 0x40, 0x00, 0x04, 0xa0, 0xa0, 0xe0,
	0xa0, 0xa0, 0x00, 0x04, 0xe0, 0x40, 0x40, 0x40, 0xe0, 0x00, 0x04, 0x20, 0x20, 0x20, 0x20, 0xa0,
	0x40, 0x04, 0xa0, 0xa0, 0xc0, 0xc0, 0xa0, 0x00, 0x04, 0x80, 0x80, 0x80, 0x80, 0xe0, 0x00, 0x04,
	0xa0, 0xe0, 0xa0, 0xa0, 0xa0, 0x00, 0x04, 0x90, 0xd0, 0xb0, 0x90, 0x90, 0x00, 0x04, 0x40, 0xa0,
	0xa0, 0xa0, 0x40, 0x00, 0x04, 0xc0, 0xa0, 0xa0, 0xc0, 0x80, 0x00, 0x04, 0x40, 0xa0, 0xa0, 0xa0,
	0x60, 0x00, 0x04, 0xc0, 0xa0, 0xa0, 0xc0, 0xa0, 0x00, 0x04, 0x60, 0x80, 0x40, 0x20, 0xc0, 0x00,
	0x04, 0xe0, 0x40, 0x40, 0x40, 0x40, 0x00, 0x04, 0xa0, 0xa0, 0xa0, 0xa0, 0xe0, 0x00, 0x04, 0xa0,
	0xa0, 0xa0, 0xa0, 0x40, 0x00, 0x04, 0xa0, 0xa0, 0xa0, 0xe0, 0xa0, 0x00, 0x04, 0xa0, 0xa0, 0x40,
	0xa0, 0xa0, 0x00, 0x04, 0xa0, 0xa0, 0x40, 0x40, 0x40, 0x00, 0x04, 0xe0, 0x20, 0x40, 0x80, 0xe0,
	0x00, 0x04, 0xc0, 0x80, 0x80, 0x80, 0xc0, 0x00, 0x04, 0x80, 0x40, 0x40, 0x20, 0x20, 0x10, 0x04,
	0xc0, 0x40, 0x40, 0x40, 0xc0, 0x00, 0x04, 0x40, 0xa0, 0x00, 0x00, 0x00, 0x00, 0x04, 0x00, 0x00,
	0x00, 0x00, 0x00, 0xf0, 0x04, 0x40, 0x20, 0x00, 0x00, 0x00, 0x00, 0x04, 0x00, 0x60, 0xa0, 0xa0,
	0x70, 0x00, 0x04, 0x80, 0x80, 0xc0, 0xa0, 0xc0, 0x00, 0x04, 0x00, 0x60, 0x80, 0x80, 0x60, 0x00,
	0x04, 0x20, 0x20, 0x60, 0xa0, 0x60, 0x00, 0x04, 0x00, 0x40, 0xe0, 0x80, 0x60, 0x00, 0x04, 0x20,
	0x40, 0xe0, 0x40, 0x40, 0x00, 0x04, 0x00, 0x60, 0xa0, 0x60, 0x20, 0xc0, 0x04, 0x80, 0x80, 0xc0,
	0xa0, 0xa0, 0x00, 0x04, 0x40, 0x00, 0xc0, 0x40, 0xe0, 0x00, 0x04, 0x40, 0x00, 0xc0, 0x40, 0x40,
	0x80, 0x04, 0x80, 0x80, 0xa0, 0xc0, 0xa0, 0x00, 0x04, 0xc0, 0x40, 0x40, 0x40, 0xe0, 0x00, 0x04,
	0x00, 0xa0, 0xf0, 0xf0, 0x90, 0x00, 0x04, 0x00, 0xc0, 0xa0, 0xa0, 0xa0, 0x00, 0x04, 0x00, 0x40,
	0xa0, 0xa0, 0x40, 0x00, 0x04, 0x00, 0xc0, 0xa0, 0xc0, 0x80, 0x80, 0x04, 0x00, 0x60, 0xa0, 0x60,
	0x20, 0x20, 0x04, 0x00, 0xa0, 0x50, 0x40, 0x40, 0x00, 0x04, 0x00, 0x60, 0xc0, 0x20, 0xc0, 0x00,
	0x04, 0x40, 0x40, 0xe0, 0x40, 0x60, 0x00, 0x04, 0x00, 0xa0, 0xa0, 0xa0, 0x60, 0x00, 0x04, 0x00,
	0xa0, 0xa0, 0xa0, 0x40, 0x00, 0x04, 0x00, 0xa0, 0xa0, 0xe0, 0xa0, 0x00, 0x04, 0x00, 0xa0, 0x40,
	0xa0, 0xa0, 0x00, 0x04, 0x00, 0xa0, 0xa0, 0x60, 0x20, 0xc0, 0x04, 0x00, 0xe0, 0x40, 0x80, 0xe0,
	0x00, 0x04, 0x30, 0x20, 0xc0, 0x20, 0x30, 0x00, 0x04, 0x40, 0x40, 0x00, 0x40, 0x40, 0x40, 0x04,
	0xc0, 0x40, 0x30, 0x40, 0xc0, 0x00, 0x04, 0x50, 0xa0, 0x00, 0x00, 0x00, 0x00, 0x04, 0x00, 0x60,
	0x90, 0xf0, 0x00, 0x00, 0x00,
}

// GSE4x8 - 4x8 pixel bitmap font
// Covers ASCII 32-127 (96 characters: space through DEL)
var GSE4x8 = []byte{
	0x08, 0x00, 0x20, 0x60, 0x00, 0x00, 0x09, 0x00, 0x12, 0x00, 0x1b, 0x00, 0x24, 0x00, 0x2d, 0x00,
	0x36, 0x00, 0x3f, 0x00, 0x48, 0x00, 0x51, 0x00, 0x5a, 0x00, 0x63, 0x00, 0x6c, 0x00, 0x75, 0x00,
	0x7e, 0x00, 0x87, 0x00, 0x90, 0x00, 0x99, 0x00, 0xa2, 0x00, 0xab, 0x00, 0xb4, 0x00, 0xbd, 0x00,
	0xc6, 0x00, 0xcf, 0x00, 0xd8, 0x00, 0xe1, 0x00, 0xea, 0x00, 0xf3, 0x00, 0xfc, 0x00, 0x05, 0x01,
	0x0e, 0x01, 0x17, 0x01, 0x20, 0x01, 0x29, 0x01, 0x32, 0x01, 0x3b, 0x01, 0x44, 0x01, 0x4d, 0x01,
	0x56, 0x01, 0x5f, 0x01, 0x68, 0x01, 0x71, 0x01, 0x7a, 0x01, 0x83, 0x01, 0x8c, 0x01, 0x95, 0x01,
	0x9e, 0x01, 0xa7, 0x01, 0xb0, 0x01, 0xb9, 0x01, 0xc2, 0x01, 0xcb, 0x01, 0xd4, 0x01, 0xdd, 0x01,
	0xe6, 0x01, 0xef, 0x01, 0xf8, 0x01, 0x01, 0x02, 0x0a, 0x02, 0x13, 0x02, 0x1c, 0x02, 0x25, 0x02,
	0x2e, 0x02, 0x37, 0x02, 0x40, 0x02, 0x49, 0x02, 0x52, 0x02, 0x5b, 0x02, 0x64, 0x02, 0x6d, 0x02,
	0x76, 0x02, 0x7f, 0x02, 0x88, 0x02, 0x91, 0x02, 0x9a, 0x02, 0xa3, 0x02, 0xac, 0x02, 0xb5, 0x02,
	0xbe, 0x02, 0xc7, 0x02, 0xd0, 0x02, 0xd9, 0x02, 0xe2, 0x02, 0xeb, 0x02, 0xf4, 0x02, 0xfd, 0x02,
	0x06, 0x03, 0x0f, 0x03, 0x18, 0x03, 0x21, 0x03, 0x2a, 0x03, 0x33, 0x03, 0x3c, 0x03, 0x45, 0x03,
	0x4e, 0x03, 0x57, 0x03, 0x04, 0x00, 0x00, 0x00, 0x00, 0x00, 0x00, 0x00, 0x00, 0x04, 0x00, 0x40,
	0x40, 0x40, 0x40, 0x00, 0x40, 0x00, 0x04, 0x00, 0xa0, 0xa0, 0x00, 0x00, 0x00, 0x00, 0x00, 0x04,
	0x60, 0x60, 0xf0, 0x60, 0x60, 0xf0, 0x60, 0x60, 0x04, 0x40, 0x60, 0xc0, 0xc0, 0x60, 0x60, 0xc0,
	0x40, 0x04, 0x00, 0xa0, 0x20, 0x40, 0x40, 0x80, 0xa0, 0x00, 0x04, 0x00, 0x40, 0xa0, 0xa0, 0x40,
	0xb0, 0xa0, 0x70, 0x04, 0x00, 0x40, 0x40, 0x00, 0x00, 0x00, 0x00, 0x00, 0x04, 0x20, 0x40, 0x80,
	0x80, 0x80, 0x80, 0x40, 0x20, 0x04, 0x80, 0x40, 0x20, 0x20, 0x20, 0x20, 0x40, 0x80, 0x04, 0x00,
	0xa0, 0x40, 0xe0, 0x40, 0xa0, 0x00, 0x00, 0x04, 0x00, 0x40, 0x40, 0xe0, 0x40, 0x40, 0x00, 0x00,
	0x04, 0x00, 0x00, 0x00, 0x00, 0x00, 0x40, 0x40, 0x80, 0x04, 0x00, 0x00, 0x00, 0xe0, 0x00, 0x00,
	0x00, 0x00, 0x04, 0x00, 0x00, 0x00, 0x00, 0x00, 0x00, 0x40, 0x00, 0x04, 0x10, 0x10, 0x20, 0x20,
	0x40, 0x40, 0x80, 0x80, 0x04, 0x00, 0xe0, 0xa0, 0xa0, 0xa0, 0xa0, 0xe0, 0x00, 0x04, 0x00, 0x40,
	0xc0, 0x40, 0x40, 0x40, 0xe0, 0x00, 0x04, 0x00, 0xe0, 0xa0, 0x20, 0x40, 0x80, 0xe0, 0x00, 0x04,
	0x00, 0xe0, 0x20, 0x40, 0x20, 0x20, 0xe0, 0x00, 0x04, 0x00, 0x60, 0xa0, 0xa0, 0xf0, 0x20, 0x20,
	0x00, 0x04, 0x00, 0xe0, 0x80, 0xc0, 0x20, 0x20, 0xc0, 0x00, 0x04, 0x00, 0x40, 0x80, 0xe0, 0xa0,
	0xa0, 0xe0, 0x00, 0x04, 0x00, 0xe0, 0xa0, 0x20, 0x40, 0x40, 0x40, 0x00, 0x04, 0x00, 0xe0, 0xa0,
	0x40, 0xa0, 0xa0, 0xe0, 0x00, 0x04, 0x00, 0xe0, 0xa0, 0xe0, 0x20, 0x20, 0x40, 0x00, 0x04, 0x00,
	0x00, 0x40, 0x00, 0x00, 0x40, 0x00, 0x00, 0x04, 0x00, 0x00, 0x40, 0x00, 0x00, 0x40, 0x40, 0x80,
	0x04, 0x00, 0x20, 0x40, 0x80, 0x40, 0x20, 0x00, 0x00, 0x04, 0x00, 0x00, 0xe0, 0x00, 0xe0, 0x00,
	0x00, 0x00, 0x04, 0x00, 0x80, 0x40, 0x20, 0x40, 0x80, 0x00, 0x00, 0x04, 0x00, 0x40, 0xa0, 0x20,
	0x40, 0x00, 0x40, 0x00, 0x04, 0x00, 0x40, 0xa0, 0xe0, 0xe0, 0x80, 0x60, 0x00, 0x04, 0x00, 0x40,
	0xa0, 0xa0, 0xe0, 0xa0, 0xa0, 0x00, 0x04, 0x00, 0xc0, 0xa0, 0xc0, 0xa0, 0xa0, 0xc0, 0x00, 0x04,
	0x00, 0x40, 0xa0, 0x80, 0x80, 0xa0, 0x40, 0x00, 0x04, 0x00, 0xc0, 0xa0, 0xa0, 0xa0, 0xa0, 0xc0,
	0x00, 0x04, 0x00, 0xe0, 0x80, 0xc0, 0x80, 0x80, 0xe0, 0x00, 0x04, 0x00, 0xe0, 0x80, 0xc0, 0x80,
	0x80, 0x80, 0x00, 0x04, 0x00, 0x60, 0x80, 0xa0, 0xa0, 0xa0, 0x40, 0x00, 0x04, 0x00, 0xa0, 0xa0,
	0xe0, 0xa0, 0xa0, 0xa0, 0x00, 0x04, 0x00, 0xe0, 0x40, 0x40, 0x40, 0x40, 0xe0, 0x00, 0x04, 0x00,
	0x20, 0x20, 0x20, 0x20, 0xa0, 0x40, 0x00, 0x04, 0x00, 0xa0, 0xa0, 0xc0, 0xc0, 0xa0, 0xa0, 0x00,
	0x04, 0x00, 0x80, 0x80, 0x80, 0x80, 0x80, 0xe0, 0x00, 0x04, 0x00, 0xa0, 0xe0, 0xa0, 0xa0, 0xa0,
	0xa0, 0x00, 0x04, 0x00, 0x90, 0x90, 0xd0, 0xb0, 0x90, 0x90, 0x00, 0x04, 0x00, 0x40, 0xa0, 0xa0,
	0xa0, 0xa0, 0x40, 0x00, 0x04, 0x00, 0xc0, 0xa0, 0xa0, 0xc0, 0x80, 0x80, 0x00, 0x04, 0x00, 0x40,
	0xa0, 0xa0, 0xa0, 0xa0, 0x60, 0x00, 0x04, 0x00, 0xc0, 0xa0, 0xa0, 0xc0, 0xc0, 0xa0, 0x00, 0x04,
	0x00, 0x60, 0x80, 0x40, 0x20, 0x20, 0xc0, 0x00, 0x04, 0x00, 0xe0, 0x40, 0x40, 0x40, 0x40, 0x40,
	0x00, 0x04, 0x00, 0xa0, 0xa0, 0xa0, 0xa0, 0xa0, 0x40, 0x00, 0x04, 0x00, 0xa0, 0xa0, 0xa0, 0xa0,
	0x40, 0x40, 0x00, 0x04, 0x00, 0xa0, 0xa0, 0xa0, 0xa0, 0xe0, 0xa0, 0x00, 0x04, 0x00, 0xa0, 0xa0,
	0x40, 0xa0, 0xa0, 0xa0, 0x00, 0x04, 0x00, 0xa0, 0xa0, 0x40, 0x40, 0x40, 0x40, 0x00, 0x04, 0x00,
	0xe0, 0x20, 0x40, 0x40, 0x80, 0xe0, 0x00, 0x04, 0xc0, 0x80, 0x80, 0x80, 0x80, 0x80, 0x80, 0xc0,
	0x04, 0x80, 0x80, 0x40, 0x40, 0x20, 0x20, 0x10, 0x10, 0x04, 0xc0, 0x40, 0x40, 0x40, 0x40, 0x40,
	0x40, 0xc0, 0x04, 0x00, 0x40, 0xa0, 0x00, 0x00, 0x00, 0x00, 0x00, 0x04, 0x00, 0x00, 0x00, 0x00,
	0x00, 0x00, 0x00, 0xf0, 0x04, 0x00, 0x40, 0x20, 0x00, 0x00, 0x00, 0x00, 0x00, 0x04, 0x00, 0x00,
	0x60, 0xa0, 0xa0, 0xa0, 0x70, 0x00, 0x04, 0x00, 0x80, 0x80, 0xc0, 0xa0, 0xa0, 0xc0, 0x00, 0x04,
	0x00, 0x00, 0x40, 0xa0, 0x80, 0xa0, 0x40, 0x00, 0x04, 0x00, 0x20, 0x20, 0x60, 0xa0, 0xa0, 0x60,
	0x00, 0x04, 0x00, 0x00, 0x40, 0xa0, 0xe0, 0x80, 0x60, 0x00, 0x04, 0x00, 0x20, 0x40, 0x40, 0xe0,
	0x40, 0x40, 0x00, 0x04, 0x00, 0x00, 0x60, 0xa0, 0xa0, 0x60, 0x20, 0xc0, 0x04, 0x00, 0x80, 0x80,
	0xc0, 0xa0, 0xa0, 0xa0, 0x00, 0x04, 0x00, 0x40, 0x00, 0xc0, 0x40, 0x40, 0xe0, 0x00, 0x04, 0x00,
	0x40, 0x00, 0xc0, 0x40, 0x40, 0x40, 0x80, 0x04, 0x00, 0x80, 0x80, 0xa0, 0xc0, 0xc0, 0xa0, 0x00,
	0x04, 0x00, 0xc0, 0x40, 0x40, 0x40, 0x40, 0xe0, 0x00, 0x04, 0x00, 0x00, 0xa0, 0xf0, 0xf0, 0xf0,
	0x90, 0x00, 0x04, 0x00, 0x00, 0xc0, 0xa0, 0xa0, 0xa0, 0xa0, 0x00, 0x04, 0x00, 0x00, 0x40, 0xa0,
	0xa0, 0xa0, 0x40, 0x00, 0x04, 0x00, 0x00, 0xc0, 0xa0, 0xa0, 0xc0, 0x80, 0x80, 0x04, 0x00, 0x00,
	0x60, 0xa0, 0xa0, 0x60, 0x20, 0x20, 0x04, 0x00, 0x00, 0xa0, 0x50, 0x40, 0x40, 0x40, 0x00, 0x04,
	0x00, 0x00, 0x60, 0x80, 0x40, 0x20, 0xc0, 0x00, 0x04, 0x00, 0x40, 0x40, 0xe0, 0x40, 0x40, 0x20,
	0x00, 0x04, 0x00, 0x00, 0xa0, 0xa0, 0xa0, 0xa0, 0x60, 0x00, 0x04, 0x00, 0x00, 0xa0, 0xa0, 0xa0,
	0x40, 0x40, 0x00, 0x04, 0x00, 0x00, 0xa0, 0xa0, 0xa0, 0xe0, 0xa0, 0x00, 0x04, 0x00, 0x00, 0xa0,
	0xa0, 0x40, 0xa0, 0xa0, 0x00, 0x04, 0x00, 0x00, 0xa0, 0xa0, 0xa0, 0x60, 0x20, 0xc0, 0x04, 0x00,
	0x00, 0xe0, 0x20, 0x40, 0x80, 0xe0, 0x00, 0x04, 0x10, 0x20, 0x20, 0xc0, 0x20, 0x20, 0x10, 0x00,
	0x04, 0x00, 0x40, 0x40, 0x40, 0x00, 0x40, 0x40, 0x40, 0x04, 0x80, 0x40, 0x40, 0x30, 0x40, 0x40,
	0x80, 0x00, 0x04, 0x00, 0x50, 0xa0, 0x00, 0x00, 0x00, 0x00, 0x00, 0x04, 0x00, 0x00, 0x00, 0x60,
	0x90, 0xf0, 0x00, 0x00, 0x00,
}

// GSE5x7 - 5x7 pixel bitmap font
// Covers ASCII 32-127 (96 characters: space through DEL)
var GSE5x7 = []byte{
	0x07, 0x00, 0x20, 0x60, 0x00, 0x00, 0x08, 0x00, 0x10, 0x00, 0x18, 0x00, 0x20, 0x00, 0x28, 0x00,
	0x30, 0x00, 0x38, 0x00, 0x40, 0x00, 0x48, 0x00, 0x50, 0x00, 0x58, 0x00, 0x60, 0x00, 0x68, 0x00,
	0x70, 0x00, 0x78, 0x00, 0x80, 0x00, 0x88, 0x00, 0x90, 0x00, 0x98, 0x00, 0xa0, 0x00, 0xa8, 0x00,
	0xb0, 0x00, 0xb8, 0x00, 0xc0, 0x00, 0xc8, 0x00, 0xd0, 0x00, 0xd8, 0x00, 0xe0, 0x00, 0xe8, 0x00,
	0xf0, 0x00, 0xf8, 0x00, 0x00, 0x01, 0x08, 0x01, 0x10, 0x01, 0x18, 0x01, 0x20, 0x01, 0x28, 0x01,
	0x30, 0x01, 0x38, 0x01, 0x40, 0x01, 0x48, 0x01, 0x50, 0x01, 0x58, 0x01, 0x60, 0x01, 0x68, 0x01,
	0x70, 0x01, 0x78, 0x01, 0x80, 0x01, 0x88, 0x01, 0x90, 0x01, 0x98, 0x01, 0xa0, 0x01, 0xa8, 0x01,
	0xb0, 0x01, 0xb8, 0x01, 0xc0, 0x01, 0xc8, 0x01, 0xd0, 0x01, 0xd8, 0x01, 0xe0, 0x01, 0xe8, 0x01,
	0xf0, 0x01, 0xf8, 0x01, 0x00, 0x02, 0x08, 0x02, 0x10, 0x02, 0x18, 0x02, 0x20, 0x02, 0x28, 0x02,
	0x30, 0x02, 0x38, 0x02, 0x40, 0x02, 0x48, 0x02, 0x50, 0x02, 0x58, 0x02, 0x60, 0x02, 0x68, 0x02,
	0x70, 0x02, 0x78, 0x02, 0x80, 0x02, 0x88, 0x02, 0x90, 0x02, 0x98, 0x02, 0xa0, 0x02, 0xa8, 0x02,
	0xb0, 0x02, 0xb8, 0x02, 0xc0, 0x02, 0xc8, 0x02, 0xd0, 0x02, 0xd8, 0x02, 0xe0, 0x02, 0xe8, 0x02,
	0xf0, 0x02, 0xf8, 0x02, 0x05, 0x00, 0x00, 0x00, 0x00, 0x00, 0x00, 0x00, 0x05, 0x00, 0x20, 0x20,
	0x20, 0x00, 0x20, 0x00, 0x05, 0x00, 0x50, 0x50, 0x00, 0x00, 0x00, 0x00, 0x05, 0x00, 0x50, 0xf8,
	0x50, 0xf8, 0x50, 0x00, 0x05, 0x20, 0x78, 0xa0, 0x70, 0x28, 0xf0, 0x20, 0x05, 0x00, 0x88, 0x10,
	0x20, 0x40, 0x88, 0x00, 0x05, 0x00, 0x40, 0xa0, 0x68, 0x90, 0x68, 0x00, 0x05, 0x00, 0x20, 0x20,
	0x00, 0x00, 0x00, 0x00, 0x05, 0x10, 0x20, 0x40, 0x40, 0x40, 0x20, 0x10, 0x05, 0x80, 0x40, 0x20,
	0x20, 0x20, 0x40, 0x80, 0x05, 0x00, 0x20, 0xa8, 0x70, 0xa8, 0x20, 0x00, 0x05, 0x00, 0x20, 0x20,
	0xf8, 0x20, 0x20, 0x00, 0x05, 0x00, 0x00, 0x00, 0x00, 0x20, 0x20, 0x40, 0x05, 0x00, 0x00, 0x00,
	0xf0, 0x00, 0x00, 0x00, 0x05, 0x00, 0x00, 0x00, 0x00, 0x00, 0x40, 0x00, 0x05, 0x00, 0x08, 0x10,
	0x20, 0x40, 0x80, 0x00, 0x05, 0x00, 0x60, 0x90, 0x90, 0x90, 0x60, 0x00, 0x05, 0x00, 0x20, 0x60,
	0x20, 0x20, 0x70, 0x00, 0x05, 0x00, 0x60, 0x90, 0x20, 0x40, 0xf0, 0x00, 0x05, 0x00, 0xf0, 0x20,
	0x60, 0x10, 0xe0, 0x00, 0x05, 0x00, 0x30, 0x50, 0x90, 0xf0, 0x10, 0x00, 0x05, 0x00, 0xf0, 0x80,
	0xe0, 0x10, 0xe0, 0x00, 0x05, 0x00, 0x60, 0x80, 0xe0, 0x90, 0x60, 0x00, 0x05, 0x00, 0xf0, 0x90,
	0x20, 0x40, 0x40, 0x00, 0x05, 0x00, 0x60, 0x90, 0x60, 0x90, 0x60, 0x00, 0x05, 0x00, 0x60, 0x90,
	0x70, 0x10, 0x60, 0x00, 0x05, 0x00, 0x00, 0x20, 0x00, 0x20, 0x00, 0x00, 0x05, 0x00, 0x00, 0x20,
	0x00, 0x20, 0x20, 0x40, 0x05, 0x00, 0x10, 0x20, 0x40, 0x20, 0x10, 0x00, 0x05, 0x00, 0x00, 0xf0,
	0x00, 0xf0, 0x00, 0x00, 0x05, 0x00, 0x80, 0x40, 0x20, 0x40, 0x80, 0x00, 0x05, 0x00, 0x60, 0x90,
	0x20, 0x00, 0x20, 0x00, 0x05, 0x00, 0x60, 0x90, 0xb0, 0x80, 0x70, 0x00, 0x05, 0x00, 0x60, 0x90,
	0xf0, 0x90, 0x90, 0x00, 0x05, 0x00, 0xe0, 0x90, 0xe0, 0x90, 0xe0, 0x00, 0x05, 0x00, 0x60, 0x90,
	0x80, 0x90, 0x60, 0x00, 0x05, 0x00, 0xe0, 0x90, 0x90, 0x90, 0xe0, 0x00, 0x05, 0x00, 0xf0, 0x80,
	0xe0, 0x80, 0xf0, 0x00, 0x05, 0x00, 0xf0, 0x80, 0xe0, 0x80, 0x80, 0x00, 0x05, 0x00, 0x70, 0x80,
	0xb0, 0x90, 0x60, 0x00, 0x05, 0x00, 0x90, 0x90, 0xf0, 0x90, 0x90, 0x00, 0x05, 0x00, 0x70, 0x20,
	0x20, 0x20, 0x70, 0x00, 0x05, 0x00, 0x70, 0x20, 0x20, 0xa0, 0x40, 0x00, 0x05, 0x00, 0x90, 0xa0,
	0xc0, 0xa0, 0x90, 0x00, 0x05, 0x00, 0x80, 0x80, 0x80, 0x80, 0xf0, 0x00, 0x05, 0x00, 0x90, 0xf0,
	0x90, 0x90, 0x90, 0x00, 0x05, 0x00, 0x90, 0xd0, 0xb0, 0x90, 0x90, 0x00, 0x05, 0x00, 0x60, 0x90,
	0x90, 0x90, 0x60, 0x00, 0x05, 0x00, 0xe0, 0x90, 0xe0, 0x80, 0x80, 0x00, 0x05, 0x00, 0x60, 0x90,
	0x90, 0xa0, 0x50, 0x00, 0x05, 0x00, 0xe0, 0x90, 0xe0, 0xa0, 0x90, 0x00, 0x05, 0x00, 0x70, 0x80,
	0x60, 0x10, 0xe0, 0x00, 0x05, 0x00, 0x70, 0x20, 0x20, 0x20, 0x20, 0x00, 0x05, 0x00, 0x90, 0x90,
	0x90, 0x90, 0x60, 0x00, 0x05, 0x00, 0x50, 0x50, 0x50, 0x20, 0x20, 0x00, 0x05, 0x00, 0x90, 0x90,
	0x90, 0xf0, 0x90, 0x00, 0x05, 0x00, 0x90, 0x90, 0x60, 0x90, 0x90, 0x00, 0x05, 0x00, 0x50, 0x50,
	0x20, 0x20, 0x20, 0x00, 0x05, 0x00, 0xf0, 0x10, 0x20, 0x40, 0xf0, 0x00, 0x05, 0x70, 0x40, 0x40,
	0x40, 0x40, 0x40, 0x70, 0x05, 0x00, 0x80, 0x40, 0x20, 0x10, 0x08, 0x00, 0x05, 0xe0, 0x20, 0x20,
	0x20, 0x20, 0x20, 0xe0, 0x05, 0x00, 0x20, 0x50, 0x00, 0x00, 0x00, 0x00, 0x05, 0x00, 0x00, 0x00,
	0x00, 0x00, 0xf8, 0x00, 0x05, 0x00, 0x40, 0x20, 0x00, 0x00, 0x00, 0x00, 0x05, 0x00, 0x00, 0x60,
	0xa0, 0xa0, 0x50, 0x00, 0x05, 0x00, 0x80, 0x80, 0xe0, 0x90, 0xe0, 0x00, 0x05, 0x00, 0x00, 0x70,
	0x80, 0x80, 0x70, 0x00, 0x05, 0x00, 0x10, 0x10, 0x70, 0x90, 0x70, 0x00, 0x05, 0x00, 0x00, 0x60,
	0xf0, 0x80, 0x70, 0x00, 0x05, 0x00, 0x30, 0x40, 0xe0, 0x40, 0x40, 0x00, 0x05, 0x00, 0x00, 0x70,
	0x90, 0x70, 0x10, 0x60, 0x05, 0x00, 0x80, 0x80, 0xe0, 0x90, 0x90, 0x00, 0x05, 0x20, 0x00, 0x60,
	0x20, 0x20, 0x70, 0x00, 0x05, 0x20, 0x00, 0x60, 0x20, 0x20, 0xa0, 0x40, 0x05, 0x80, 0x80, 0x90,
	0xa0, 0xe0, 0x90, 0x00, 0x05, 0x00, 0x60, 0x20, 0x20, 0x20, 0x70, 0x00, 0x05, 0x00, 0x00, 0xa0,
	0xf0, 0xf0, 0x90, 0x00, 0x05, 0x00, 0x00, 0xa0, 0xd0, 0x90, 0x90, 0x00, 0x05, 0x00, 0x00, 0x60,
	0x90, 0x90, 0x60, 0x00, 0x05, 0x00, 0x00, 0xe0, 0x90, 0xe0, 0x80, 0x80, 0x05, 0x00, 0x00, 0x70,
	0x90, 0x70, 0x10, 0x10, 0x05, 0x00, 0x00, 0xe0, 0x90, 0x80, 0x80, 0x00, 0x05, 0x00, 0x00, 0x70,
	0xe0, 0x10, 0xe0, 0x00, 0x05, 0x40, 0x40, 0xe0, 0x40, 0x40, 0x70, 0x00, 0x05, 0x00, 0x00, 0x90,
	0x90, 0x90, 0x70, 0x00, 0x05, 0x00, 0x00, 0x50, 0x50, 0x50, 0x20, 0x00, 0x05, 0x00, 0x00, 0x90,
	0x90, 0xf0, 0x90, 0x00, 0x05, 0x00, 0x00, 0x90, 0x60, 0x60, 0x90, 0x00, 0x05, 0x00, 0x00, 0x90,
	0x90, 0x70, 0x10, 0x60, 0x05, 0x00, 0x00, 0xf0, 0x20, 0x40, 0xf0, 0x00, 0x05, 0x10, 0x20, 0x20,
	0xc0, 0x20, 0x20, 0x10, 0x05, 0x20, 0x20, 0x20, 0x00, 0x20, 0x20, 0x20, 0x05, 0x40, 0x20, 0x20,
	0x18, 0x20, 0x20, 0x40, 0x05, 0x00, 0x40, 0xa8, 0x10, 0x00, 0x00, 0x00, 0x05, 0x00, 0x00, 0x20,
	0x50, 0x88, 0xf8, 0x00, 0x00,
}

// GSE5x9 - 5x9 pixel bitmap font
// Covers ASCII 32-127 (96 characters: space through DEL)
var GSE5x9 = []byte{
	0x09, 0x00, 0x20, 0x60, 0x00, 0x00, 0x0a, 0x00, 0x14, 0x00, 0x1e, 0x00, 0x28, 0x00, 0x32, 0x00,
	0x3c, 0x00, 0x46, 0x00, 0x50, 0x00, 0x5a, 0x00, 0x64, 0x00, 0x6e, 0x00, 0x78, 0x00, 0x82, 0x00,
	0x8c, 0x00, 0x96, 0x00, 0xa0, 0x00, 0xaa, 0x00, 0xb4, 0x00, 0xbe, 0x00, 0xc8, 0x00, 0xd2, 0x00,
	0xdc, 0x00, 0xe6, 0x00, 0xf0, 0x00, 0xfa, 0x00, 0x04, 0x01, 0x0e, 0x01, 0x18, 0x01, 0x22, 0x01,
	0x2c, 0x01, 0x36, 0x01, 0x40, 0x01, 0x4a, 0x01, 0x54, 0x01, 0x5e, 0x01, 0x68, 0x01, 0x72, 0x01,
	0x7c, 0x01, 0x86, 0x01, 0x90, 0x01, 0x9a, 0x01, 0xa4, 0x01, 0xae, 0x01, 0xb8, 0x01, 0xc2, 0x01,
	0xcc, 0x01, 0xd6, 0x01, 0xe0, 0x01, 0xea, 0x01, 0xf4, 0x01, 0xfe, 0x01, 0x08, 0x02, 0x12, 0x02,
	0x1c, 0x02, 0x26, 0x02, 0x30, 0x02, 0x3a, 0x02, 0x44, 0x02, 0x4e, 0x02, 0x58, 0x02, 0x62, 0x02,
	0x6c, 0x02, 0x76, 0x02, 0x80, 0x02, 0x8a, 0x02, 0x94, 0x02, 0x9e, 0x02, 0xa8, 0x02, 0xb2, 0x02,
	0xbc, 0x02, 0xc6, 0x02, 0xd0, 0x02, 0xda, 0x02, 0xe4, 0x02, 0xee, 0x02, 0xf8, 0x02, 0x02, 0x03,
	0x0c, 0x03, 0x16, 0x03, 0x20, 0x03, 0x2a, 0x03, 0x34, 0x03, 0x3e, 0x03, 0x48, 0x03, 0x52, 0x03,
	0x5c, 0x03, 0x66, 0x03, 0x70, 0x03, 0x7a, 0x03, 0x84, 0x03, 0x8e, 0x03, 0x98, 0x03, 0xa2, 0x03,
	0xac, 0x03, 0xb6, 0x03, 0x05, 0x00, 0x00, 0x00, 0x00, 0x00, 0x00, 0x00, 0x00, 0x00, 0x05, 0x00,
	0x20, 0x20, 0x20, 0x20, 0x20, 0x00, 0x20, 0x00, 0x05, 0x00, 0x50, 0x50, 0x00, 0x00, 0x00, 0x00,
	0x00, 0x00, 0x05, 0x00, 0x50, 0x50, 0xf8, 0x50, 0xf8, 0x50, 0x50, 0x00, 0x05, 0x00, 0x20, 0x78,
	0xa0, 0x70, 0x28, 0xf0, 0x20, 0x00, 0x05, 0x00, 0xc8, 0xc8, 0x10, 0x20, 0x40, 0x98, 0x98, 0x00,
	0x05, 0x00, 0x40, 0xa0, 0xa0, 0x40, 0xa8, 0x90, 0x68, 0x00, 0x05, 0x00, 0x20, 0x20, 0x00, 0x00,
	0x00, 0x00, 0x00, 0x00, 0x05, 0x10, 0x20, 0x40, 0x40, 0x40, 0x40, 0x40, 0x20, 0x10, 0x05, 0x80,
	0x40, 0x20, 0x20, 0x20, 0x20, 0x20, 0x40, 0x80, 0x05, 0x00, 0x00, 0x20, 0xa8, 0x70, 0xa8, 0x20,
	0x00, 0x00, 0x05, 0x00, 0x00, 0x20, 0x20, 0xf8, 0x20, 0x20, 0x00, 0x00, 0x05, 0x00, 0x00, 0x00,
	0x00, 0x00, 0x00, 0x20, 0x20, 0x40, 0x05, 0x00, 0x00, 0x00, 0x00, 0xf0, 0x00, 0x00, 0x00, 0x00,
	0x05, 0x00, 0x00, 0x00, 0x00, 0x00, 0x00, 0x00, 0x40, 0x00, 0x05, 0x00, 0x10, 0x10, 0x20, 0x20,
	0x40, 0x40, 0x80, 0x80, 0x05, 0x00, 0x60, 0x90, 0xb0, 0xd0, 0x90, 0x90, 0x60, 0x00, 0x05, 0x00,
	0x20, 0x60, 0x20, 0x20, 0x20, 0x20, 0x70, 0x00, 0x05, 0x00, 0x60, 0x90, 0x10, 0x20, 0x40, 0x80,
	0xf0, 0x00, 0x05, 0x00, 0xf0, 0x10, 0x20, 0x60, 0x10, 0x90, 0x60, 0x00, 0x05, 0x00, 0x30, 0x50,
	0x90, 0x90, 0xf8, 0x10, 0x10, 0x00, 0x05, 0x00, 0xf0, 0x80, 0xe0, 0x10, 0x10, 0x10, 0xe0, 0x00,
	0x05, 0x00, 0x60, 0x80, 0xe0, 0x90, 0x90, 0x90, 0x60, 0x00, 0x05, 0x00, 0xf0, 0x90, 0x10, 0x20,
	0x40, 0x40, 0x40, 0x00, 0x05, 0x00, 0x60, 0x90, 0x90, 0x60, 0x90, 0x90, 0x60, 0x00, 0x05, 0x00,
	0x60, 0x90, 0x90, 0x70, 0x10, 0x90, 0x60, 0x00, 0x05, 0x00, 0x00, 0x00, 0x20, 0x00, 0x00, 0x20,
	0x00, 0x00, 0x05, 0x00, 0x00, 0x00, 0x20, 0x00, 0x00, 0x20, 0x20, 0x40, 0x05, 0x00, 0x10, 0x20,
	0x40, 0x80, 0x40, 0x20, 0x10, 0x00, 0x05, 0x00, 0x00, 0x00, 0xf0, 0x00, 0xf0, 0x00, 0x00, 0x00,
	0x05, 0x00, 0x80, 0x40, 0x20, 0x10, 0x20, 0x40, 0x80, 0x00, 0x05, 0x00, 0x60, 0x90, 0x10, 0x20,
	0x20, 0x00, 0x20, 0x00, 0x05, 0x00, 0x60, 0x90, 0xb0, 0xb0, 0xb0, 0x80, 0x70, 0x00, 0x05, 0x00,
	0x60, 0x90, 0x90, 0xf0, 0x90, 0x90, 0x90, 0x00, 0x05, 0x00, 0xe0, 0x90, 0x90, 0xe0, 0x90, 0x90,
	0xe0, 0x00, 0x05, 0x00, 0x60, 0x90, 0x80, 0x80, 0x80, 0x90, 0x60, 0x00, 0x05, 0x00, 0xe0, 0x90,
	0x90, 0x90, 0x90, 0x90, 0xe0, 0x00, 0x05, 0x00, 0xf0, 0x80, 0x80, 0xe0, 0x80, 0x80, 0xf0, 0x00,
	0x05, 0x00, 0xf0, 0x80, 0x80, 0xe0, 0x80, 0x80, 0x80, 0x00, 0x05, 0x00, 0x60, 0x90, 0x80, 0xb0,
	0x90, 0x90, 0x60, 0x00, 0x05, 0x00, 0x90, 0x90, 0x90, 0xf0, 0x90, 0x90, 0x90, 0x00, 0x05, 0x00,
	0x70, 0x20, 0x20, 0x20, 0x20, 0x20, 0x70, 0x00, 0x05, 0x00, 0x70, 0x20, 0x20, 0x20, 0x20, 0xa0,
	0x40, 0x00, 0x05, 0x00, 0x90, 0x90, 0xa0, 0xc0, 0xa0, 0x90, 0x90, 0x00, 0x05, 0x00, 0x80, 0x80,
	0x80, 0x80, 0x80, 0x80, 0xf0, 0x00, 0x05, 0x00, 0x90, 0xf0, 0x90, 0x90, 0x90, 0x90, 0x90, 0x00,
	0x05, 0x00, 0x90, 0x90, 0xd0, 0xb0, 0x90, 0x90, 0x90, 0x00, 0x05, 0x00, 0x60, 0x90, 0x90, 0x90,
	0x90, 0x90, 0x60, 0x00, 0x05, 0x00, 0xe0, 0x90, 0x90, 0xe0, 0x80, 0x80, 0x80, 0x00, 0x05, 0x00,
	0x60, 0x90, 0x90, 0x90, 0x90, 0xa0, 0x50, 0x00, 0x05, 0x00, 0xe0, 0x90, 0x90, 0xe0, 0xa0, 0x90,
	0x90, 0x00, 0x05, 0x00, 0x60, 0x90, 0x80, 0x60, 0x10, 0x90, 0x60, 0x00, 0x05, 0x00, 0x70, 0x20,
	0x20, 0x20, 0x20, 0x20, 0x20, 0x00, 0x05, 0x00, 0x90, 0x90, 0x90, 0x90, 0x90, 0x90, 0x60, 0x00,
	0x05, 0x00, 0x50, 0x50, 0x50, 0x50, 0x50, 0x20, 0x20, 0x00, 0x05, 0x00, 0x90, 0x90, 0x90, 0x90,
	0x90, 0xf0, 0x90, 0x00, 0x05, 0x00, 0x90, 0x90, 0x60, 0x60, 0x90, 0x90, 0x90, 0x00, 0x05, 0x00,
	0x50, 0x50, 0x50, 0x20, 0x20, 0x20, 0x20, 0x00, 0x05, 0x00, 0xf0, 0x10, 0x10, 0x20, 0x40, 0x80,
	0xf0, 0x00, 0x05, 0x70, 0x40, 0x40, 0x40, 0x40, 0x40, 0x40, 0x70, 0x00, 0x05, 0x80, 0x80, 0x40,
	0x40, 0x20, 0x20, 0x10, 0x10, 0x00, 0x05, 0xe0, 0x20, 0x20, 0x20, 0x20, 0x20, 0x20, 0xe0, 0x00,
	0x05, 0x00, 0x20, 0x50, 0x88, 0x00, 0x00, 0x00, 0x00, 0x00, 0x05, 0x00, 0x00, 0x00, 0x00, 0x00,
	0x00, 0x00, 0xf8, 0x00, 0x05, 0x00, 0x40, 0x20, 0x00, 0x00, 0x00, 0x00, 0x00, 0x00, 0x05, 0x00,
	0x00, 0x60, 0x10, 0x70, 0x90, 0x90, 0x70, 0x00, 0x05, 0x00, 0x80, 0x80, 0xe0, 0x90, 0x90, 0x90,
	0xe0, 0x00, 0x05, 0x00, 0x00, 0x60, 0x90, 0x80, 0x80, 0x90, 0x60, 0x00, 0x05, 0x00, 0x10, 0x10,
	0x70, 0x90, 0x90, 0x90, 0x70, 0x00, 0x05, 0x00, 0x00, 0x60, 0x90, 0xf0, 0x80, 0x80, 0x70, 0x00,
	0x05, 0x00, 0x30, 0x40, 0x40, 0xe0, 0x40, 0x40, 0x40, 0x00, 0x05, 0x00, 0x00, 0x70, 0x90, 0x90,
	0x70, 0x10, 0x90, 0x60, 0x05, 0x00, 0x80, 0x80, 0xe0, 0x90, 0x90, 0x90, 0x90, 0x00, 0x05, 0x00,
	0x20, 0x00, 0x60, 0x20, 0x20, 0x20, 0x70, 0x00, 0x05, 0x00, 0x20, 0x00, 0x60, 0x20, 0x20, 0x20,
	0xa0, 0x40, 0x05, 0x00, 0x80, 0x80, 0x90, 0xa0, 0xc0, 0xa0, 0x90, 0x00, 0x05, 0x00, 0x60, 0x20,
	0x20, 0x20, 0x20, 0x20, 0x70, 0x00, 0x05, 0x00, 0x00, 0xa0, 0xf0, 0xf0, 0xf0, 0x90, 0x90, 0x00,
	0x05, 0x00, 0x00, 0xa0, 0xd0, 0x90, 0x90, 0x90, 0x90, 0x00, 0x05, 0x00, 0x00, 0x60, 0x90, 0x90,
	0x90, 0x90, 0x60, 0x00, 0x05, 0x00, 0x00, 0xe0, 0x90, 0x90, 0x90, 0xe0, 0x80, 0x80, 0x05, 0x00,
	0x00, 0x70, 0x90, 0x90, 0x90, 0x70, 0x10, 0x10, 0x05, 0x00, 0x00, 0xe0, 0x90, 0x80, 0x80, 0x80,
	0x80, 0x00, 0x05, 0x00, 0x00, 0x60, 0x90, 0x40, 0x20, 0x90, 0x60, 0x00, 0x05, 0x00, 0x40, 0x40,
	0xe0, 0x40, 0x40, 0x50, 0x20, 0x00, 0x05, 0x00, 0x00, 0x90, 0x90, 0x90, 0x90, 0x90, 0x70, 0x00,
	0x05, 0x00, 0x00, 0x50, 0x50, 0x50, 0x50, 0x20, 0x20, 0x00, 0x05, 0x00, 0x00, 0x90, 0x90, 0x90,
	0x90, 0xf0, 0x90, 0x00, 0x05, 0x00, 0x00, 0x90, 0x90, 0x60, 0x60, 0x90, 0x90, 0x00, 0x05, 0x00,
	0x00, 0x90, 0x90, 0x90, 0x90, 0x70, 0x10, 0xe0, 0x05, 0x00, 0x00, 0xf0, 0x10, 0x20, 0x40, 0x80,
	0xf0, 0x00, 0x05, 0x10, 0x20, 0x20, 0x20, 0xc0, 0x20, 0x20, 0x20, 0x10, 0x05, 0x00, 0x20, 0x20,
	0x20, 0x00, 0x20, 0x20, 0x20, 0x00, 0x05, 0x80, 0x40, 0x40, 0x40, 0x30, 0x40, 0x40, 0x40, 0x80,
	0x05, 0x00, 0x40, 0xa8, 0x10, 0x00, 0x00, 0x00, 0x00, 0x00, 0x05, 0x00, 0x00, 0x00, 0x20, 0x50,
	0x88, 0xf8, 0x00, 0x00, 0x00,
}

// GSE6x9 - 6x9 pixel bitmap font
// Covers ASCII 32-127 (96 characters: space through DEL)
var GSE6x9 = []byte{
	0x09, 0x00, 0x20, 0x60, 0x00, 0x00, 0x0a, 0x00, 0x14, 0x00, 0x1e, 0x00, 0x28, 0x00, 0x32, 0x00,
	0x3c, 0x00, 0x46, 0x00, 0x50, 0x00, 0x5a, 0x00, 0x64, 0x00, 0x6e, 0x00, 0x78, 0x00, 0x82, 0x00,
	0x8c, 0x00, 0x96, 0x00, 0xa0, 0x00, 0xaa, 0x00, 0xb4, 0x00, 0xbe, 0x00, 0xc8, 0x00, 0xd2, 0x00,
	0xdc, 0x00, 0xe6, 0x00, 0xf0, 0x00, 0xfa, 0x00, 0x04, 0x01, 0x0e, 0x01, 0x18, 0x01, 0x22, 0x01,
	0x2c, 0x01, 0x36, 0x01, 0x40, 0x01, 0x4a, 0x01, 0x54, 0x01, 0x5e, 0x01, 0x68, 0x01, 0x72, 0x01,
	0x7c, 0x01, 0x86, 0x01, 0x90, 0x01, 0x9a, 0x01, 0xa4, 0x01, 0xae, 0x01, 0xb8, 0x01, 0xc2, 0x01,
	0xcc, 0x01, 0xd6, 0x01, 0xe0, 0x01, 0xea, 0x01, 0xf4, 0x01, 0xfe, 0x01, 0x08, 0x02, 0x12, 0x02,
	0x1c, 0x02, 0x26, 0x02, 0x30, 0x02, 0x3a, 0x02, 0x44, 0x02, 0x4e, 0x02, 0x58, 0x02, 0x62, 0x02,
	0x6c, 0x02, 0x76, 0x02, 0x80, 0x02, 0x8a, 0x02, 0x94, 0x02, 0x9e, 0x02, 0xa8, 0x02, 0xb2, 0x02,
	0xbc, 0x02, 0xc6, 0x02, 0xd0, 0x02, 0xda, 0x02, 0xe4, 0x02, 0xee, 0x02, 0xf8, 0x02, 0x02, 0x03,
	0x0c, 0x03, 0x16, 0x03, 0x20, 0x03, 0x2a, 0x03, 0x34, 0x03, 0x3e, 0x03, 0x48, 0x03, 0x52, 0x03,
	0x5c, 0x03, 0x66, 0x03, 0x70, 0x03, 0x7a, 0x03, 0x84, 0x03, 0x8e, 0x03, 0x98, 0x03, 0xa2, 0x03,
	0xac, 0x03, 0xb6, 0x03, 0x06, 0x00, 0x00, 0x00, 0x00, 0x00, 0x00, 0x00, 0x00, 0x00, 0x06, 0x00,
	0x20, 0x20, 0x20, 0x20, 0x20, 0x00, 0x20, 0x00, 0x06, 0x00, 0x50, 0x50, 0x00, 0x00, 0x00, 0x00,
	0x00, 0x00, 0x06, 0x00, 0x50, 0x50, 0xf8, 0x50, 0xf8, 0x50, 0x50, 0x00, 0x06, 0x00, 0x70, 0xa8,
	0xa0, 0x70, 0x28, 0xa8, 0x70, 0x00, 0x06, 0x00, 0xc8, 0xc8, 0x10, 0x20, 0x40, 0x98, 0x98, 0x00,
	0x06, 0x00, 0x60, 0x90, 0x90, 0x60, 0xa8, 0x90, 0x68, 0x00, 0x06, 0x00, 0x20, 0x20, 0x00, 0x00,
	0x00, 0x00, 0x00, 0x00, 0x06, 0x10, 0x20, 0x40, 0x40, 0x40, 0x40, 0x40, 0x20, 0x10, 0x06, 0x40,
	0x20, 0x10, 0x10, 0x10, 0x10, 0x10, 0x20, 0x40, 0x06, 0x00, 0x00, 0x20, 0xa8, 0x70, 0xa8, 0x20,
	0x00, 0x00, 0x06, 0x00, 0x00, 0x20, 0x20, 0xf8, 0x20, 0x20, 0x00, 0x00, 0x06, 0x00, 0x00, 0x00,
	0x00, 0x00, 0x00, 0x20, 0x20, 0x40, 0x06, 0x00, 0x00, 0x00, 0x00, 0xf8, 0x00, 0x00, 0x00, 0x00,
	0x06, 0x00, 0x00, 0x00, 0x00, 0x00, 0x00, 0x00, 0x40, 0x00, 0x06, 0x00, 0x08, 0x08, 0x10, 0x20,
	0x40, 0x80, 0x80, 0x00, 0x06, 0x00, 0x70, 0x88, 0x98, 0xa8, 0xc8, 0x88, 0x70, 0x00, 0x06, 0x00,
	0x20, 0x60, 0x20, 0x20, 0x20, 0x20, 0x70, 0x00, 0x06, 0x00, 0x70, 0x88, 0x08, 0x10, 0x20, 0x40,
	0xf8, 0x00, 0x06, 0x00, 0xf8, 0x10, 0x20, 0x70, 0x08, 0x88, 0x70, 0x00, 0x06, 0x00, 0x10, 0x20,
	0x40, 0x90, 0xf8, 0x10, 0x10, 0x00, 0x06, 0x00, 0xf8, 0x80, 0xf0, 0x08, 0x08, 0x88, 0x70, 0x00,
	0x06, 0x00, 0x70, 0x88, 0x80, 0xf0, 0x88, 0x88, 0x70, 0x00, 0x06, 0x00, 0xf8, 0x08, 0x08, 0x10,
	0x20, 0x40, 0x40, 0x00, 0x06, 0x00, 0x70, 0x88, 0x88, 0x70, 0x88, 0x88, 0x70, 0x00, 0x06, 0x00,
	0x70, 0x88, 0x88, 0x78, 0x08, 0x88, 0x70, 0x00, 0x06, 0x00, 0x00, 0x00, 0x20, 0x00, 0x00, 0x20,
	0x00, 0x00, 0x06, 0x00, 0x00, 0x00, 0x20, 0x00, 0x00, 0x20, 0x20, 0x40, 0x06, 0x00, 0x08, 0x10,
	0x20, 0x40, 0x20, 0x10, 0x08, 0x00, 0x06, 0x00, 0x00, 0x00, 0xf8, 0x00, 0xf8, 0x00, 0x00, 0x00,
	0x06, 0x00, 0x80, 0x40, 0x20, 0x10, 0x20, 0x40, 0x80, 0x00, 0x06, 0x00, 0x70, 0x88, 0x08, 0x10,
	0x20, 0x00, 0x20, 0x00, 0x06, 0x00, 0x70, 0x88, 0x88, 0xb8, 0xb8, 0x80, 0x70, 0x00, 0x06, 0x00,
	0x20, 0x50, 0x88, 0x88, 0xf8, 0x88, 0x88, 0x00, 0x06, 0x00, 0xf0, 0x88, 0x88, 0xf0, 0x88, 0x88,
	0xf0, 0x00, 0x06, 0x00, 0x70, 0x88, 0x80, 0x80, 0x80, 0x88, 0x70, 0x00, 0x06, 0x00, 0xe0, 0x90,
	0x88, 0x88, 0x88, 0x90, 0xe0, 0x00, 0x06, 0x00, 0xf8, 0x80, 0x80, 0xf0, 0x80, 0x80, 0xf8, 0x00,
	0x06, 0x00, 0xf8, 0x80, 0x80, 0xf0, 0x80, 0x80, 0x80, 0x00, 0x06, 0x00, 0x70, 0x88, 0x80, 0xb8,
	0x88, 0x88, 0x70, 0x00, 0x06, 0x00, 0x88, 0x88, 0x88, 0xf8, 0x88, 0x88, 0x88, 0x00, 0x06, 0x00,
	0x70, 0x20, 0x20, 0x20, 0x20, 0x20, 0x70, 0x00, 0x06, 0x00, 0x38, 0x10, 0x10, 0x10, 0x10, 0x90,
	0x60, 0x00, 0x06, 0x00, 0x88, 0x90, 0xa0, 0xc0, 0xa0, 0x90, 0x88, 0x00, 0x06, 0x00, 0x80, 0x80,
	0x80, 0x80, 0x80, 0x80, 0xf8, 0x00, 0x06, 0x00, 0x88, 0xd8, 0xa8, 0x88, 0x88, 0x88, 0x88, 0x00,
	0x06, 0x00, 0x88, 0x88, 0xc8, 0xa8, 0x98, 0x88, 0x88, 0x00, 0x06, 0x00, 0x70, 0x88, 0x88, 0x88,
	0x88, 0x88, 0x70, 0x00, 0x06, 0x00, 0xf0, 0x88, 0x88, 0xf0, 0x80, 0x80, 0x80, 0x00, 0x06, 0x00,
	0x70, 0x88, 0x88, 0x88, 0xa8, 0x90, 0x68, 0x00, 0x06, 0x00, 0xf0, 0x88, 0x88, 0x88, 0xf0, 0x90,
	0x88, 0x00, 0x06, 0x00, 0x70, 0x88, 0x80, 0x70, 0x08, 0x88, 0x70, 0x00, 0x06, 0x00, 0xf8, 0x20,
	0x20, 0x20, 0x20, 0x20, 0x20, 0x00, 0x06, 0x00, 0x88, 0x88, 0x88, 0x88, 0x88, 0x88, 0x70, 0x00,
	0x06, 0x00, 0x88, 0x88, 0x88, 0x50, 0x50, 0x20, 0x20, 0x00, 0x06, 0x00, 0x88, 0x88, 0x88, 0xa8,
	0xa8, 0xd8, 0x88, 0x00, 0x06, 0x00, 0x88, 0x88, 0x50, 0x20, 0x50, 0x88, 0x88, 0x00, 0x06, 0x00,
	0x88, 0x88, 0x50, 0x20, 0x20, 0x20, 0x20, 0x00, 0x06, 0x00, 0xf8, 0x08, 0x10, 0x20, 0x40, 0x80,
	0xf8, 0x00, 0x06, 0x70, 0x40, 0x40, 0x40, 0x40, 0x40, 0x40, 0x40, 0x70, 0x06, 0x00, 0x80, 0x80,
	0x40, 0x20, 0x10, 0x08, 0x08, 0x00, 0x06, 0x70, 0x10, 0x10, 0x10, 0x10, 0x10, 0x10, 0x10, 0x70,
	0x06, 0x00, 0x00, 0x20, 0x50, 0x88, 0x00, 0x00, 0x00, 0x00, 0x06, 0x00, 0x00, 0x00, 0x00, 0x00,
	0x00, 0x00, 0xf8, 0x00, 0x06, 0x00, 0x40, 0x20, 0x00, 0x00, 0x00, 0x00, 0x00, 0x00, 0x06, 0x00,
	0x00, 0x00, 0x70, 0x08, 0x78, 0x88, 0x78, 0x00, 0x06, 0x00, 0x80, 0x80, 0xf0, 0x88, 0x88, 0x88,
	0xf0, 0x00, 0x06, 0x00, 0x00, 0x00, 0x70, 0x88, 0x80, 0x88, 0x70, 0x00, 0x06, 0x00, 0x08, 0x08,
	0x78, 0x88, 0x88, 0x88, 0x78, 0x00, 0x06, 0x00, 0x00, 0x00, 0x70, 0x88, 0xf8, 0x80, 0x78, 0x00,
	0x06, 0x00, 0x18, 0x20, 0x20, 0xf8, 0x20, 0x20, 0x20, 0x00, 0x06, 0x00, 0x00, 0x00, 0x78, 0x88,
	0x88, 0x78, 0x08, 0x70, 0x06, 0x00, 0x80, 0x80, 0xf0, 0x88, 0x88, 0x88, 0x88, 0x00, 0x06, 0x00,
	0x20, 0x00, 0x60, 0x20, 0x20, 0x20, 0x70, 0x00, 0x06, 0x00, 0x10, 0x00, 0x30, 0x10, 0x10, 0x10,
	0x90, 0x60, 0x06, 0x00, 0x00, 0x80, 0x88, 0x90, 0xa0, 0xd0, 0x88, 0x00, 0x06, 0x00, 0x60, 0x20,
	0x20, 0x20, 0x20, 0x20, 0x70, 0x00, 0x06, 0x00, 0x00, 0x00, 0xd0, 0xa8, 0xa8, 0xa8, 0xa8, 0x00,
	0x06, 0x00, 0x00, 0x00, 0xb0, 0xc8, 0x88, 0x88, 0x88, 0x00, 0x06, 0x00, 0x00, 0x00, 0x70, 0x88,
	0x88, 0x88, 0x70, 0x00, 0x06, 0x00, 0x00, 0x00, 0xf0, 0x88, 0x88, 0xf0, 0x80, 0x80, 0x06, 0x00,
	0x00, 0x00, 0x78, 0x88, 0x88, 0x78, 0x08, 0x08, 0x06, 0x00, 0x00, 0x00, 0xb8, 0xc0, 0x80, 0x80,
	0x80, 0x00, 0x06, 0x00, 0x00, 0x00, 0x78, 0x80, 0x70, 0x08, 0xf0, 0x00, 0x06, 0x00, 0x40, 0x40,
	0xe0, 0x40, 0x40, 0x48, 0x30, 0x00, 0x06, 0x00, 0x00, 0x00, 0x88, 0x88, 0x88, 0x88, 0x78, 0x00,
	0x06, 0x00, 0x00, 0x00, 0x88, 0x88, 0x88, 0x50, 0x20, 0x00, 0x06, 0x00, 0x00, 0x00, 0x88, 0x88,
	0xa8, 0xd8, 0x88, 0x00, 0x06, 0x00, 0x00, 0x00, 0x88, 0x50, 0x20, 0x50, 0x88, 0x00, 0x06, 0x00,
	0x00, 0x00, 0x88, 0x88, 0x88, 0x78, 0x08, 0x70, 0x06, 0x00, 0x00, 0x00, 0xf8, 0x10, 0x20, 0x40,
	0xf8, 0x00, 0x06, 0x18, 0x20, 0x20, 0x20, 0xc0, 0x20, 0x20, 0x20, 0x18, 0x06, 0x00, 0x20, 0x20,
	0x20, 0x00, 0x20, 0x20, 0x20, 0x00, 0x06, 0xc0, 0x20, 0x20, 0x20, 0x18, 0x20, 0x20, 0x20, 0xc0,
	0x06, 0x00, 0x40, 0xa8, 0x10, 0x00, 0x00, 0x00, 0x00, 0x00, 0x06, 0x00, 0x00, 0x00, 0x20, 0x50,
	0x88, 0xf8, 0x00, 0x00, 0x00,
}

// GSE6x12 - 6x12 pixel bitmap font
// Covers ASCII 32-127 (96 characters: space through DEL)
var GSE6x12 = []byte{
	0x0c, 0x00, 0x20, 0x60, 0x00, 0x00, 0x0d, 0x00, 0x1a, 0x00, 0x27, 0x00, 0x34, 0x00, 0x41, 0x00,
	0x4e, 0x00, 0x5b, 0x00, 0x68, 0x00, 0x75, 0x00, 0x82, 0x00, 0x8f, 0x00, 0x9c, 0x00, 0xa9, 0x00,
	0xb6, 0x00, 0xc3, 0x00, 0xd0, 0x00, 0xdd, 0x00, 0xea, 0x00, 0xf7, 0x00, 0x04, 0x01, 0x11, 0x01,
	0x1e, 0x01, 0x2b, 0x01, 0x38, 0x01, 0x45, 0x01, 0x52, 0x01, 0x5f, 0x01, 0x6c, 0x01, 0x79, 0x01,
	0x86, 0x01, 0x93, 0x01, 0xa0, 0x01, 0xad, 0x01, 0xba, 0x01, 0xc7, 0x01, 0xd4, 0x01, 0xe1, 0x01,
	0xee, 0x01, 0xfb, 0x01, 0x08, 0x02, 0x15, 0x02, 0x22, 0x02, 0x2f, 0x02, 0x3c, 0x02, 0x49, 0x02,
	0x56, 0x02, 0x63, 0x02, 0x70, 0x02, 0x7d, 0x02, 0x8a, 0x02, 0x97, 0x02, 0xa4, 0x02, 0xb1, 0x02,
	0xbe, 0x02, 0xcb, 0x02, 0xd8, 0x02, 0xe5, 0x02, 0xf2, 0x02, 0xff, 0x02, 0x0c, 0x03, 0x19, 0x03,
	0x26, 0x03, 0x33, 0x03, 0x40, 0x03, 0x4d, 0x03, 0x5a, 0x03, 0x67, 0x03, 0x74, 0x03, 0x81, 0x03,
	0x8e, 0x03, 0x9b, 0x03, 0xa8, 0x03, 0xb5, 0x03, 0xc2, 0x03, 0xcf, 0x03, 0xdc, 0x03, 0xe9, 0x03,
	0xf6, 0x03, 0x03, 0x04, 0x10, 0x04, 0x1d, 0x04, 0x2a, 0x04, 0x37, 0x04, 0x44, 0x04, 0x51, 0x04,
	0x5e, 0x04, 0x6b, 0x04, 0x78, 0x04, 0x85, 0x04, 0x92, 0x04, 0x9f, 0x04, 0xac, 0x04, 0xb9, 0x04,
	0xc6, 0x04, 0xd3, 0x04, 0x06, 0x00, 0x00, 0x00, 0x00, 0x00, 0x00, 0x00, 0x00, 0x00, 0x00, 0x00,
	0x00, 0x06, 0x00, 0x20, 0x20, 0x20, 0x20, 0x20, 0x20, 0x20, 0x00, 0x20, 0x00, 0x00, 0x06, 0x00,
	0x50, 0x50, 0x50, 0x00, 0x00, 0x00, 0x00, 0x00, 0x00, 0x00, 0x00, 0x06, 0x00, 0x50, 0x50, 0xf8,
	0x50, 0x50, 0x50, 0xf8, 0x50, 0x50, 0x00, 0x00, 0x06, 0x00, 0x20, 0x70, 0xa8, 0xa0, 0x70, 0x28,
	0xa8, 0x70, 0x20, 0x00, 0x00, 0x06, 0x00, 0xc8, 0xd8, 0x10, 0x30, 0x20, 0x60, 0x40, 0xd8, 0x98,
	0x00, 0x00, 0x06, 0x00, 0x60, 0x90, 0x90, 0x90, 0x60, 0xa8, 0x90, 0x90, 0x68, 0x00, 0x00, 0x06,
	0x00, 0x20, 0x20, 0x20, 0x00, 0x00, 0x00, 0x00, 0x00, 0x00, 0x00, 0x00, 0x06, 0x00, 0x10, 0x20,
	0x40, 0x40, 0x40, 0x40, 0x40, 0x20, 0x10, 0x00, 0x00, 0x06, 0x00, 0x40, 0x20, 0x10, 0x10, 0x10,
	0x10, 0x10, 0x20, 0x40, 0x00, 0x00, 0x06, 0x00, 0x00, 0x00, 0x50, 0x20, 0xf8, 0x20, 0x50, 0x00,
	0x00, 0x00, 0x00, 0x06, 0x00, 0x00, 0x20, 0x20, 0x20, 0xf8, 0x20, 0x20, 0x20, 0x00, 0x00, 0x00,
	0x06, 0x00, 0x00, 0x00, 0x00, 0x00, 0x00, 0x00, 0x00, 0x20, 0x20, 0x20, 0x40, 0x06, 0x00, 0x00,
	0x00, 0x00, 0x00, 0xf8, 0x00, 0x00, 0x00, 0x00, 0x00, 0x00, 0x06, 0x00, 0x00, 0x00, 0x00, 0x00,
	0x00, 0x00, 0x00, 0x00, 0x20, 0x00, 0x00, 0x06, 0x08, 0x08, 0x10, 0x10, 0x20, 0x20, 0x40, 0x40,
	0x80, 0x80, 0x00, 0x00, 0x06, 0x00, 0x70, 0x88, 0x88, 0x98, 0xa8, 0xc8, 0x88, 0x88, 0x70, 0x00,
	0x00, 0x06, 0x00, 0x20, 0x20, 0x60, 0x20, 0x20, 0x20, 0x20, 0x20, 0x70, 0x00, 0x00, 0x06, 0x00,
	0x70, 0x88, 0x88, 0x08, 0x10, 0x20, 0x40, 0x80, 0xf8, 0x00, 0x00, 0x06, 0x00, 0xf8, 0x10, 0x20,
	0x70, 0x08, 0x08, 0x08, 0x88, 0x70, 0x00, 0x00, 0x06, 0x00, 0x10, 0x20, 0x40, 0x90, 0x90, 0xf8,
	0x10, 0x10, 0x10, 0x00, 0x00, 0x06, 0x00, 0xf8, 0x80, 0x80, 0xf0, 0x08, 0x08, 0x08, 0x88, 0x70,
	0x00, 0x00, 0x06, 0x00, 0x70, 0x88, 0x80, 0x80, 0xf0, 0x88, 0x88, 0x88, 0x70, 0x00, 0x00, 0x06,
	0x00, 0xf8, 0x88, 0x08, 0x08, 0x10, 0x20, 0x20, 0x20, 0x20, 0x00, 0x00, 0x06, 0x00, 0x70, 0x88,
	0x88, 0x88, 0x70, 0x88, 0x88, 0x88, 0x70, 0x00, 0x00, 0x06, 0x00, 0x70, 0x88, 0x88, 0x88, 0x78,
	0x08, 0x08, 0x88, 0x70, 0x00, 0x00, 0x06, 0x00, 0x00, 0x00, 0x00, 0x20, 0x00, 0x00, 0x00, 0x20,
	0x00, 0x00, 0x00, 0x06, 0x00, 0x00, 0x00, 0x00, 0x20, 0x00, 0x00, 0x00, 0x20, 0x20, 0x20, 0x40,
	0x06, 0x00, 0x08, 0x10, 0x20, 0x40, 0x80, 0x40, 0x20, 0x10, 0x08, 0x00, 0x00, 0x06, 0x00, 0x00,
	0x00, 0x00, 0xf8, 0x00, 0xf8, 0x00, 0x00, 0x00, 0x00, 0x00, 0x06, 0x00, 0x80, 0x40, 0x20, 0x10,
	0x08, 0x10, 0x20, 0x40, 0x80, 0x00, 0x00, 0x06, 0x00, 0x70, 0x88, 0x88, 0x08, 0x10, 0x20, 0x20,
	0x00, 0x20, 0x00, 0x00, 0x06, 0x00, 0x70, 0x88, 0x88, 0xb8, 0xb8, 0xb0, 0x80, 0x88, 0x70, 0x00,
	0x00, 0x06, 0x00, 0x20, 0x50, 0x88, 0x88, 0x88, 0xf8, 0x88, 0x88, 0x88, 0x00, 0x00, 0x06, 0x00,
	0xf0, 0x88, 0x88, 0x88, 0xf0, 0x88, 0x88, 0x88, 0xf0, 0x00, 0x00, 0x06, 0x00, 0x70, 0x88, 0x88,
	0x80, 0x80, 0x80, 0x88, 0x88, 0x70, 0x00, 0x00, 0x06, 0x00, 0xe0, 0x90, 0x88, 0x88, 0x88, 0x88,
	0x88, 0x90, 0xe0, 0x00, 0x00, 0x06, 0x00, 0xf8, 0x80, 0x80, 0x80, 0xf0, 0x80, 0x80, 0x80, 0xf8,
	0x00, 0x00, 0x06, 0x00, 0xf8, 0x80, 0x80, 0x80, 0xf0, 0x80, 0x80, 0x80, 0x80, 0x00, 0x00, 0x06,
	0x00, 0x70, 0x88, 0x80, 0x80, 0xb8, 0x88, 0x88, 0x88, 0x70, 0x00, 0x00, 0x06, 0x00, 0x88, 0x88,
	0x88, 0x88, 0xf8, 0x88, 0x88, 0x88, 0x88, 0x00, 0x00, 0x06, 0x00, 0x70, 0x20, 0x20, 0x20, 0x20,
	0x20, 0x20, 0x20, 0x70, 0x00, 0x00, 0x06, 0x00, 0x38, 0x10, 0x10, 0x10, 0x10, 0x10, 0x10, 0x90,
	0x60, 0x00, 0x00, 0x06, 0x00, 0x88, 0x88, 0x90, 0xa0, 0xc0, 0xa0, 0x90, 0x88, 0x88, 0x00, 0x00,
	0x06, 0x00, 0x80, 0x80, 0x80, 0x80, 0x80, 0x80, 0x80, 0x80, 0xf8, 0x00, 0x00, 0x06, 0x00, 0x88,
	0x88, 0xd8, 0xa8, 0x88, 0x88, 0x88, 0x88, 0x88, 0x00, 0x00, 0x06, 0x00, 0x88, 0x88, 0xc8, 0xa8,
	0x98, 0x88, 0x88, 0x88, 0x88, 0x00, 0x00, 0x06, 0x00, 0x70, 0x88, 0x88, 0x88, 0x88, 0x88, 0x88,
	0x88, 0x70, 0x00, 0x00, 0x06, 0x00, 0xf0, 0x88, 0x88, 0x88, 0xf0, 0x80, 0x80, 0x80, 0x80, 0x00,
	0x00, 0x06, 0x00, 0x70, 0x88, 0x88, 0x88, 0x88, 0x88, 0xa8, 0x90, 0x68, 0x00, 0x00, 0x06, 0x00,
	0xf0, 0x88, 0x88, 0x88, 0x88, 0xf0, 0xa0, 0x90, 0x88, 0x00, 0x00, 0x06, 0x00, 0x70, 0x88, 0x80,
	0x80, 0x70, 0x08, 0x08, 0x88, 0x70, 0x00, 0x00, 0x06, 0x00, 0xf8, 0x20, 0x20, 0x20, 0x20, 0x20,
	0x20, 0x20, 0x20, 0x00, 0x00, 0x06, 0x00, 0x88, 0x88, 0x88, 0x88, 0x88, 0x88, 0x88, 0x88, 0x70,
	0x00, 0x00, 0x06, 0x00, 0x88, 0x88, 0x88, 0x88, 0x88, 0x50, 0x50, 0x20, 0x20, 0x00, 0x00, 0x06,
	0x00, 0x88, 0x88, 0x88, 0x88, 0x88, 0xa8, 0xa8, 0xd8, 0x88, 0x00, 0x00, 0x06, 0x00, 0x88, 0x88,
	0x88, 0x50, 0x20, 0x50, 0x88, 0x88, 0x88, 0x00, 0x00, 0x06, 0x00, 0x88, 0x88, 0x88, 0x50, 0x20,
	0x20, 0x20, 0x20, 0x20, 0x00, 0x00, 0x06, 0x00, 0xf8, 0x08, 0x08, 0x10, 0x20, 0x40, 0x80, 0x80,
	0xf8, 0x00, 0x00, 0x06, 0x70, 0x40, 0x40, 0x40, 0x40, 0x40, 0x40, 0x40, 0x40, 0x40, 0x70, 0x00,
	0x06, 0x80, 0x80, 0x40, 0x40, 0x20, 0x20, 0x10, 0x10, 0x08, 0x08, 0x00, 0x00, 0x06, 0x70, 0x10,
	0x10, 0x10, 0x10, 0x10, 0x10, 0x10, 0x10, 0x10, 0x70, 0x00, 0x06, 0x00, 0x00, 0x20, 0x50, 0x88,
	0x00, 0x00, 0x00, 0x00, 0x00, 0x00, 0x00, 0x06, 0x00, 0x00, 0x00, 0x00, 0x00, 0x00, 0x00, 0x00,
	0x00, 0xf8, 0x00, 0x00, 0x06, 0x00, 0x40, 0x20, 0x00, 0x00, 0x00, 0x00, 0x00, 0x00, 0x00, 0x00,
	0x00, 0x06, 0x00, 0x00, 0x00, 0x70, 0x88, 0x08, 0x78, 0x88, 0x88, 0x78, 0x00, 0x00, 0x06, 0x00,
	0x80, 0x80, 0x80, 0xf0, 0x88, 0x88, 0x88, 0x88, 0xf0, 0x00, 0x00, 0x06, 0x00, 0x00, 0x00, 0x70,
	0x88, 0x80, 0x80, 0x80, 0x88, 0x70, 0x00, 0x00, 0x06, 0x00, 0x08, 0x08, 0x08, 0x78, 0x88, 0x88,
	0x88, 0x88, 0x78, 0x00, 0x00, 0x06, 0x00, 0x00, 0x00, 0x70, 0x88, 0x88, 0xf8, 0x80, 0x80, 0x78,
	0x00, 0x00, 0x06, 0x00, 0x18, 0x20, 0x20, 0xf8, 0x20, 0x20, 0x20, 0x20, 0x20, 0x00, 0x00, 0x06,
	0x00, 0x00, 0x00, 0x78, 0x88, 0x88, 0x88, 0x88, 0x78, 0x08, 0x08, 0xf0, 0x06, 0x00, 0x80, 0x80,
	0x80, 0xf0, 0x88, 0x88, 0x88, 0x88, 0x88, 0x00, 0x00, 0x06, 0x00, 0x20, 0x00, 0x00, 0x60, 0x20,
	0x20, 0x20, 0x20, 0x70, 0x00, 0x00, 0x06, 0x00, 0x10, 0x00, 0x00, 0x30, 0x10, 0x10, 0x10, 0x10,
	0x10, 0x90, 0x60, 0x06, 0x00, 0x80, 0x80, 0x80, 0x88, 0x90, 0xa0, 0xd0, 0x88, 0x88, 0x00, 0x00,
	0x06, 0x00, 0x60, 0x20, 0x20, 0x20, 0x20, 0x20, 0x20, 0x20, 0x70, 0x00, 0x00, 0x06, 0x00, 0x00,
	0x00, 0xd0, 0xa8, 0xa8, 0xa8, 0xa8, 0xa8, 0xa8, 0x00, 0x00, 0x06, 0x00, 0x00, 0x00, 0xb0, 0xc8,
	0x88, 0x88, 0x88, 0x88, 0x88, 0x00, 0x00, 0x06, 0x00, 0x00, 0x00, 0x70, 0x88, 0x88, 0x88, 0x88,
	0x88, 0x70, 0x00, 0x00, 0x06, 0x00, 0x00, 0x00, 0xf0, 0x88, 0x88, 0x88, 0x88, 0xf0, 0x80, 0x80,
	0x80, 0x06, 0x00, 0x00, 0x00, 0x78, 0x88, 0x88, 0x88, 0x88, 0x78, 0x08, 0x08, 0x08, 0x06, 0x00,
	0x00, 0x00, 0xb0, 0xc8, 0x88, 0x80, 0x80, 0x80, 0x80, 0x00, 0x00, 0x06, 0x00, 0x00, 0x00, 0x70,
	0x88, 0x80, 0x70, 0x08, 0x88, 0x70, 0x00, 0x00, 0x06, 0x00, 0x40, 0x40, 0x40, 0xe0, 0x40, 0x40,
	0x40, 0x48, 0x30, 0x00, 0x00, 0x06, 0x00, 0x00, 0x00, 0x88, 0x88, 0x88, 0x88, 0x88, 0x88, 0x78,
	0x00, 0x00, 0x06, 0x00, 0x00, 0x00, 0x88, 0x88, 0x88, 0x50, 0x50, 0x20, 0x20, 0x00, 0x00, 0x06,
	0x00, 0x00, 0x00, 0x88, 0x88, 0x88, 0xa8, 0xa8, 0xd8, 0x88, 0x00, 0x00, 0x06, 0x00, 0x00, 0x00,
	0x88, 0x88, 0x50, 0x20, 0x50, 0x88, 0x88, 0x00, 0x00, 0x06, 0x00, 0x00, 0x00, 0x88, 0x88, 0x88,
	0x88, 0x88, 0x78, 0x08, 0x10, 0xe0, 0x06, 0x00, 0x00, 0x00, 0xf8, 0x08, 0x10, 0x20, 0x40, 0x80,
	0xf8, 0x00, 0x00, 0x06, 0x18, 0x20, 0x20, 0x20, 0x20, 0xc0, 0x20, 0x20, 0x20, 0x20, 0x18, 0x00,
	0x06, 0x00, 0x20, 0x20, 0x20, 0x20, 0x00, 0x20, 0x20, 0x20, 0x20, 0x00, 0x00, 0x06, 0xc0, 0x20,
	0x20, 0x20, 0x20, 0x18, 0x20, 0x20, 0x20, 0x20, 0xc0, 0x00, 0x06, 0x00, 0x00, 0x40, 0xa8, 0x10,
	0x00, 0x00, 0x00, 0x00, 0x00, 0x00, 0x00, 0x06, 0x00, 0x00, 0x00, 0x00, 0x20, 0x50, 0x88, 0xf8,
	0x00, 0x00, 0x00, 0x00, 0x00,
}

// GSE7x11 - 7x11 pixel bitmap font
// Covers ASCII 32-127 (96 characters: space through DEL)
var GSE7x11 = []byte{
	0x0b, 0x00, 0x20, 0x60, 0x00, 0x00, 0x0c, 0x00, 0x18, 0x00, 0x24, 0x00, 0x30, 0x00, 0x3c, 0x00,
	0x48, 0x00, 0x54, 0x00, 0x60, 0x00, 0x6c, 0x00, 0x78, 0x00, 0x84, 0x00, 0x90, 0x00, 0x9c, 0x00,
	0xa8, 0x00, 0xb4, 0x00, 0xc0, 0x00, 0xcc, 0x00, 0xd8, 0x00, 0xe4, 0x00, 0xf0, 0x00, 0xfc, 0x00,
	0x08, 0x01, 0x14, 0x01, 0x20, 0x01, 0x2c, 0x01, 0x38, 0x01, 0x44, 0x01, 0x50, 0x01, 0x5c, 0x01,
	0x68, 0x01, 0x74, 0x01, 0x80, 0x01, 0x8c, 0x01, 0x98, 0x01, 0xa4, 0x01, 0xb0, 0x01, 0xbc, 0x01,
	0xc8, 0x01, 0xd4, 0x01, 0xe0, 0x01, 0xec, 0x01, 0xf8, 0x01, 0x04, 0x02, 0x10, 0x02, 0x1c, 0x02,
	0x28, 0x02, 0x34, 0x02, 0x40, 0x02, 0x4c, 0x02, 0x58, 0x02, 0x64, 0x02, 0x70, 0x02, 0x7c, 0x02,
	0x88, 0x02, 0x94, 0x02, 0xa0, 0x02, 0xac, 0x02, 0xb8, 0x02, 0xc4, 0x02, 0xd0, 0x02, 0xdc, 0x02,
	0xe8, 0x02, 0xf4, 0x02, 0x00, 0x03, 0x0c, 0x03, 0x18, 0x03, 0x24, 0x03, 0x30, 0x03, 0x3c, 0x03,
	0x48, 0x03, 0x54, 0x03, 0x60, 0x03, 0x6c, 0x03, 0x78, 0x03, 0x84, 0x03, 0x90, 0x03, 0x9c, 0x03,
	0xa8, 0x03, 0xb4, 0x03, 0xc0, 0x03, 0xcc, 0x03, 0xd8, 0x03, 0xe4, 0x03, 0xf0, 0x03, 0xfc, 0x03,
	0x08, 0x04, 0x14, 0x04, 0x20, 0x04, 0x2c, 0x04, 0x38, 0x04, 0x44, 0x04, 0x50, 0x04, 0x5c, 0x04,
	0x68, 0x04, 0x74, 0x04, 0x07, 0x00, 0x00, 0x00, 0x00, 0x00, 0x00, 0x00, 0x00, 0x00, 0x00, 0x00,
	0x07, 0x00, 0x10, 0x38, 0x38, 0x38, 0x10, 0x10, 0x00, 0x10, 0x00, 0x00, 0x07, 0x00, 0x00, 0x24,
	0x24, 0x24, 0x00, 0x00, 0x00, 0x00, 0x00, 0x00, 0x07, 0x00, 0x48, 0x48, 0xfc, 0x48, 0x48, 0xfc,
	0x48, 0x48, 0x00, 0x00, 0x07, 0x00, 0x10, 0x38, 0x54, 0x50, 0x38, 0x14, 0x54, 0x38, 0x10, 0x00,
	0x07, 0x00, 0x00, 0x42, 0xa4, 0x48, 0x10, 0x24, 0x4a, 0x84, 0x00, 0x00, 0x07, 0x00, 0x30, 0x48,
	0x48, 0x30, 0x60, 0x94, 0x98, 0x6c, 0x00, 0x00, 0x07, 0x00, 0x20, 0x20, 0x40, 0x00, 0x00, 0x00,
	0x00, 0x00, 0x00, 0x00, 0x07, 0x00, 0x04, 0x08, 0x10, 0x10, 0x10, 0x10, 0x08, 0x04, 0x00, 0x00,
	0x07, 0x00, 0x40, 0x20, 0x10, 0x10, 0x10, 0x10, 0x20, 0x40, 0x00, 0x00, 0x07, 0x00, 0x00, 0x00,
	0x20, 0xa8, 0x70, 0xa8, 0x20, 0x00, 0x00, 0x00, 0x07, 0x00, 0x00, 0x00, 0x10, 0x10, 0x7c, 0x10,
	0x10, 0x00, 0x00, 0x00, 0x07, 0x00, 0x00, 0x00, 0x00, 0x00, 0x00, 0x00, 0x30, 0x30, 0x30, 0x60,
	0x07, 0x00, 0x00, 0x00, 0x00, 0x00, 0xfc, 0x00, 0x00, 0x00, 0x00, 0x00, 0x07, 0x00, 0x00, 0x00,
	0x00, 0x00, 0x00, 0x00, 0x30, 0x30, 0x00, 0x00, 0x07, 0x00, 0x08, 0x08, 0x10, 0x10, 0x20, 0x20,
	0x40, 0x40, 0x00, 0x00, 0x07, 0x00, 0x38, 0x44, 0x4c, 0x54, 0x64, 0x44, 0x44, 0x38, 0x00, 0x00,
	0x07, 0x00, 0x10, 0x30, 0x10, 0x10, 0x10, 0x10, 0x10, 0x7c, 0x00, 0x00, 0x07, 0x00, 0x38, 0x44,
	0x04, 0x08, 0x10, 0x20, 0x44, 0x7c, 0x00, 0x00, 0x07, 0x00, 0x7c, 0x48, 0x10, 0x38, 0x04, 0x04,
	0x44, 0x38, 0x00, 0x00, 0x07, 0x00, 0x08, 0x10, 0x20, 0x48, 0x48, 0x7c, 0x08, 0x1c, 0x00, 0x00,
	0x07, 0x00, 0x7c, 0x40, 0x40, 0x78, 0x04, 0x04, 0x44, 0x38, 0x00, 0x00, 0x07, 0x00, 0x18, 0x20,
	0x40, 0x78, 0x44, 0x44, 0x44, 0x38, 0x00, 0x00, 0x07, 0x00, 0x7c, 0x44, 0x04, 0x08, 0x10, 0x10,
	0x10, 0x10, 0x00, 0x00, 0x07, 0x00, 0x38, 0x44, 0x44, 0x38, 0x44, 0x44, 0x44, 0x38, 0x00, 0x00,
	0x07, 0x00, 0x38, 0x44, 0x44, 0x44, 0x3c, 0x04, 0x08, 0x30, 0x00, 0x00, 0x07, 0x00, 0x00, 0x00,
	0x30, 0x00, 0x00, 0x00, 0x30, 0x00, 0x00, 0x00, 0x07, 0x00, 0x00, 0x00, 0x30, 0x00, 0x00, 0x00,
	0x30, 0x30, 0x60, 0x00, 0x07, 0x00, 0x00, 0x04, 0x08, 0x10, 0x20, 0x10, 0x08, 0x04, 0x00, 0x00,
	0x07, 0x00, 0x00, 0x00, 0x00, 0xfc, 0x00, 0xfc, 0x00, 0x00, 0x00, 0x00, 0x07, 0x00, 0x00, 0x40,
	0x20, 0x10, 0x08, 0x10, 0x20, 0x40, 0x00, 0x00, 0x07, 0x00, 0x70, 0x88, 0x88, 0x10, 0x20, 0x20,
	0x00, 0x20, 0x00, 0x00, 0x07, 0x00, 0x30, 0x48, 0x04, 0x34, 0x54, 0x54, 0x54, 0x28, 0x00, 0x00,
	0x07, 0x00, 0x10, 0x28, 0x44, 0x44, 0x7c, 0x44, 0x44, 0x44, 0x00, 0x00, 0x07, 0x00, 0x78, 0x44,
	0x44, 0x78, 0x44, 0x44, 0x44, 0x78, 0x00, 0x00, 0x07, 0x00, 0x38, 0x44, 0x40, 0x40, 0x40, 0x40,
	0x44, 0x38, 0x00, 0x00, 0x07, 0x00, 0x70, 0x48, 0x44, 0x44, 0x44, 0x44, 0x48, 0x70, 0x00, 0x00,
	0x07, 0x00, 0x7c, 0x40, 0x40, 0x70, 0x40, 0x40, 0x40, 0x7c, 0x00, 0x00, 0x07, 0x00, 0x7c, 0x40,
	0x40, 0x70, 0x40, 0x40, 0x40, 0x40, 0x00, 0x00, 0x07, 0x00, 0x38, 0x44, 0x40, 0x40, 0x5c, 0x44,
	0x44, 0x38, 0x00, 0x00, 0x07, 0x00, 0x44, 0x44, 0x44, 0x7c, 0x44, 0x44, 0x44, 0x44, 0x00, 0x00,
	0x07, 0x00, 0x38, 0x10, 0x10, 0x10, 0x10, 0x10, 0x10, 0x38, 0x00, 0x00, 0x07, 0x00, 0x1c, 0x08,
	0x08, 0x08, 0x08, 0x08, 0x48, 0x30, 0x00, 0x00, 0x07, 0x00, 0x44, 0x48, 0x50, 0x60, 0x50, 0x48,
	0x44, 0x44, 0x00, 0x00, 0x07, 0x00, 0x40, 0x40, 0x40, 0x40, 0x40, 0x40, 0x40, 0x7c, 0x00, 0x00,
	0x07, 0x00, 0x44, 0x6c, 0x54, 0x54, 0x44, 0x44, 0x44, 0x44, 0x00, 0x00, 0x07, 0x00, 0x44, 0x44,
	0x64, 0x54, 0x4c, 0x44, 0x44, 0x44, 0x00, 0x00, 0x07, 0x00, 0x38, 0x44, 0x44, 0x44, 0x44, 0x44,
	0x44, 0x38, 0x00, 0x00, 0x07, 0x00, 0x78, 0x44, 0x44, 0x44, 0x78, 0x40, 0x40, 0x40, 0x00, 0x00,
	0x07, 0x00, 0x38, 0x44, 0x44, 0x44, 0x44, 0x54, 0x48, 0x34, 0x00, 0x00, 0x07, 0x00, 0x78, 0x44,
	0x44, 0x44, 0x78, 0x50, 0x48, 0x44, 0x00, 0x00, 0x07, 0x00, 0x38, 0x44, 0x40, 0x38, 0x04, 0x44,
	0x44, 0x38, 0x00, 0x00, 0x07, 0x00, 0x7c, 0x54, 0x10, 0x10, 0x10, 0x10, 0x10, 0x10, 0x00, 0x00,
	0x07, 0x00, 0x44, 0x44, 0x44, 0x44, 0x44, 0x44, 0x44, 0x38, 0x00, 0x00, 0x07, 0x00, 0x44, 0x44,
	0x44, 0x44, 0x28, 0x28, 0x10, 0x10, 0x00, 0x00, 0x07, 0x00, 0x44, 0x44, 0x44, 0x44, 0x54, 0x54,
	0x6c, 0x44, 0x00, 0x00, 0x07, 0x00, 0x44, 0x44, 0x28, 0x10, 0x28, 0x44, 0x44, 0x44, 0x00, 0x00,
	0x07, 0x00, 0x44, 0x44, 0x44, 0x28, 0x10, 0x10, 0x10, 0x38, 0x00, 0x00, 0x07, 0x00, 0x7c, 0x04,
	0x08, 0x10, 0x20, 0x40, 0x44, 0x7c, 0x00, 0x00, 0x07, 0x00, 0x38, 0x20, 0x20, 0x20, 0x20, 0x20,
	0x20, 0x38, 0x00, 0x00, 0x07, 0x00, 0x40, 0x40, 0x20, 0x20, 0x10, 0x10, 0x08, 0x08, 0x00, 0x00,
	0x07, 0x00, 0x38, 0x08, 0x08, 0x08, 0x08, 0x08, 0x08, 0x38, 0x00, 0x00, 0x07, 0x00, 0x10, 0x28,
	0x44, 0x00, 0x00, 0x00, 0x00, 0x00, 0x00, 0x00, 0x07, 0x00, 0x00, 0x00, 0x00, 0x00, 0x00, 0x00,
	0x00, 0xfc, 0x00, 0x00, 0x07, 0x00, 0x20, 0x20, 0x10, 0x00, 0x00, 0x00, 0x00, 0x00, 0x00, 0x00,
	0x07, 0x00, 0x00, 0x00, 0x38, 0x04, 0x3c, 0x44, 0x44, 0x3c, 0x00, 0x00, 0x07, 0x00, 0x40, 0x40,
	0x78, 0x44, 0x44, 0x44, 0x44, 0x78, 0x00, 0x00, 0x07, 0x00, 0x00, 0x00, 0x38, 0x44, 0x40, 0x40,
	0x44, 0x38, 0x00, 0x00, 0x07, 0x00, 0x04, 0x04, 0x3c, 0x44, 0x44, 0x44, 0x44, 0x3c, 0x00, 0x00,
	0x07, 0x00, 0x00, 0x00, 0x38, 0x44, 0x7c, 0x40, 0x44, 0x38, 0x00, 0x00, 0x07, 0x00, 0x18, 0x24,
	0x20, 0x70, 0x20, 0x20, 0x20, 0x70, 0x00, 0x00, 0x07, 0x00, 0x00, 0x00, 0x3c, 0x44, 0x44, 0x44,
	0x3c, 0x04, 0x44, 0x38, 0x07, 0x00, 0x40, 0x40, 0x40, 0x58, 0x64, 0x44, 0x44, 0x44, 0x00, 0x00,
	0x07, 0x00, 0x10, 0x00, 0x30, 0x10, 0x10, 0x10, 0x10, 0x38, 0x00, 0x00, 0x07, 0x00, 0x08, 0x00,
	0x18, 0x08, 0x08, 0x08, 0x08, 0x48, 0x30, 0x00, 0x07, 0x00, 0x40, 0x40, 0x44, 0x48, 0x50, 0x68,
	0x44, 0x44, 0x00, 0x00, 0x07, 0x00, 0x30, 0x10, 0x10, 0x10, 0x10, 0x10, 0x10, 0x38, 0x00, 0x00,
	0x07, 0x00, 0x00, 0x00, 0xa8, 0x54, 0x54, 0x54, 0x54, 0x54, 0x00, 0x00, 0x07, 0x00, 0x00, 0x00,
	0xb8, 0x44, 0x44, 0x44, 0x44, 0x44, 0x00, 0x00, 0x07, 0x00, 0x00, 0x00, 0x38, 0x44, 0x44, 0x44,
	0x44, 0x38, 0x00, 0x00, 0x07, 0x00, 0x00, 0x00, 0x78, 0x44, 0x44, 0x44, 0x44, 0x78, 0x40, 0x40,
	0x07, 0x00, 0x00, 0x00, 0x3c, 0x44, 0x44, 0x44, 0x44, 0x3c, 0x04, 0x04, 0x07, 0x00, 0x00, 0x00,
	0x58, 0x64, 0x44, 0x40, 0x40, 0x40, 0x00, 0x00, 0x07, 0x00, 0x00, 0x00, 0x3c, 0x40, 0x38, 0x04,
	0x04, 0x78, 0x00, 0x00, 0x07, 0x00, 0x20, 0x20, 0x70, 0x20, 0x20, 0x20, 0x24, 0x18, 0x00, 0x00,
	0x07, 0x00, 0x00, 0x00, 0x44, 0x44, 0x44, 0x44, 0x44, 0x3a, 0x00, 0x00, 0x07, 0x00, 0x00, 0x00,
	0x44, 0x44, 0x44, 0x44, 0x28, 0x10, 0x00, 0x00, 0x07, 0x00, 0x00, 0x00, 0x44, 0x44, 0x54, 0x54,
	0x6c, 0x44, 0x00, 0x00, 0x07, 0x00, 0x00, 0x00, 0x44, 0x28, 0x10, 0x28, 0x44, 0x44, 0x00, 0x00,
	0x07, 0x00, 0x00, 0x00, 0x44, 0x44, 0x44, 0x3c, 0x04, 0x08, 0x30, 0x00, 0x07, 0x00, 0x00, 0x00,
	0x7c, 0x08, 0x10, 0x20, 0x44, 0x7c, 0x00, 0x00, 0x07, 0x00, 0x0c, 0x10, 0x10, 0x10, 0x60, 0x10,
	0x10, 0x0c, 0x00, 0x00, 0x07, 0x00, 0x20, 0x20, 0x20, 0x00, 0x20, 0x20, 0x20, 0x20, 0x00, 0x00,
	0x07, 0x00, 0x60, 0x10, 0x10, 0x10, 0x0c, 0x10, 0x10, 0x60, 0x00, 0x00, 0x07, 0x00, 0x00, 0x64,
	0x98, 0x00, 0x00, 0x00, 0x00, 0x00, 0x00, 0x00, 0x07, 0x00, 0x00, 0x00, 0x10, 0x28, 0x44, 0x44,
	0x7c, 0x00, 0x00, 0x00, 0x00,
}

func cloneFontData(src []byte) []byte {
	dst := make([]byte, len(src))
	copy(dst, src)
	return dst
}

// GetGSE4x6 returns the GSE 4x6 pixel bitmap font data
func GetGSE4x6() []byte {
	return cloneFontData(GSE4x6)
}

// GetGSE5x7 returns the GSE 5x7 pixel bitmap font data
func GetGSE5x7() []byte {
	return cloneFontData(GSE5x7)
}

// GetGSE4x8 returns the GSE 4x8 pixel bitmap font data
func GetGSE4x8() []byte {
	return cloneFontData(GSE4x8)
}

// GetGSE5x9 returns the GSE 5x9 pixel bitmap font data
func GetGSE5x9() []byte {
	return cloneFontData(GSE5x9)
}

// GetGSE6x9 returns the GSE 6x9 pixel bitmap font data
func GetGSE6x9() []byte {
	return cloneFontData(GSE6x9)
}

// GetGSE6x12 returns the GSE 6x12 pixel bitmap font data
func GetGSE6x12() []byte {
	return cloneFontData(GSE6x12)
}

// GetGSE7x11 returns the GSE 7x11 pixel bitmap font data
func GetGSE7x11() []byte {
	return cloneFontData(GSE7x11)
}

// GSE7x11Bold - gse7x11_bold font data
var GSE7x11Bold = []byte{
	0x0b, 0x00, 0x20, 0x60, 0x00, 0x00, 0x0c, 0x00, 0x18, 0x00, 0x24, 0x00, 0x30, 0x00, 0x3c, 0x00,
	0x48, 0x00, 0x54, 0x00, 0x60, 0x00, 0x6c, 0x00, 0x78, 0x00, 0x84, 0x00, 0x90, 0x00, 0x9c, 0x00,
	0xa8, 0x00, 0xb4, 0x00, 0xc0, 0x00, 0xcc, 0x00, 0xd8, 0x00, 0xe4, 0x00, 0xf0, 0x00, 0xfc, 0x00,
	0x08, 0x01, 0x14, 0x01, 0x20, 0x01, 0x2c, 0x01, 0x38, 0x01, 0x44, 0x01, 0x50, 0x01, 0x5c, 0x01,
	0x68, 0x01, 0x74, 0x01, 0x80, 0x01, 0x8c, 0x01, 0x98, 0x01, 0xa4, 0x01, 0xb0, 0x01, 0xbc, 0x01,
	0xc8, 0x01, 0xd4, 0x01, 0xe0, 0x01, 0xec, 0x01, 0xf8, 0x01, 0x04, 0x02, 0x10, 0x02, 0x1c, 0x02,
	0x28, 0x02, 0x34, 0x02, 0x40, 0x02, 0x4c, 0x02, 0x58, 0x02, 0x64, 0x02, 0x70, 0x02, 0x7c, 0x02,
	0x88, 0x02, 0x94, 0x02, 0xa0, 0x02, 0xac, 0x02, 0xb8, 0x02, 0xc4, 0x02, 0xd0, 0x02, 0xdc, 0x02,
	0xe8, 0x02, 0xf4, 0x02, 0x00, 0x03, 0x0c, 0x03, 0x18, 0x03, 0x24, 0x03, 0x30, 0x03, 0x3c, 0x03,
	0x48, 0x03, 0x54, 0x03, 0x60, 0x03, 0x6c, 0x03, 0x78, 0x03, 0x84, 0x03, 0x90, 0x03, 0x9c, 0x03,
	0xa8, 0x03, 0xb4, 0x03, 0xc0, 0x03, 0xcc, 0x03, 0xd8, 0x03, 0xe4, 0x03, 0xf0, 0x03, 0xfc, 0x03,
	0x08, 0x04, 0x14, 0x04, 0x20, 0x04, 0x2c, 0x04, 0x38, 0x04, 0x44, 0x04, 0x50, 0x04, 0x5c, 0x04,
	0x68, 0x04, 0x74, 0x04, 0x07, 0x00, 0x00, 0x00, 0x00, 0x00, 0x00, 0x00, 0x00, 0x00, 0x00, 0x00,
	0x07, 0x00, 0x30, 0x30, 0x30, 0x30, 0x30, 0x00, 0x30, 0x30, 0x00, 0x00, 0x07, 0x00, 0x6c, 0x6c,
	0x28, 0x00, 0x00, 0x00, 0x00, 0x00, 0x00, 0x00, 0x07, 0x00, 0x48, 0x48, 0xfc, 0x48, 0x48, 0xfc,
	0x48, 0x48, 0x00, 0x00, 0x07, 0x30, 0x30, 0x78, 0xcc, 0xc0, 0x78, 0x0c, 0xcc, 0x78, 0x30, 0x30,
	0x07, 0x00, 0x00, 0xc4, 0x0c, 0x18, 0x30, 0x60, 0xc0, 0x8c, 0x00, 0x00, 0x07, 0x00, 0x30, 0x58,
	0x58, 0x30, 0x74, 0xdc, 0xd8, 0x6c, 0x00, 0x00, 0x07, 0x00, 0x30, 0x30, 0x60, 0x00, 0x00, 0x00,
	0x00, 0x00, 0x00, 0x00, 0x07, 0x00, 0x0c, 0x18, 0x30, 0x30, 0x30, 0x30, 0x18, 0x0c, 0x00, 0x00,
	0x07, 0x00, 0xc0, 0x60, 0x30, 0x30, 0x30, 0x30, 0x60, 0xc0, 0x00, 0x00, 0x07, 0x00, 0x00, 0x00,
	0x20, 0xa8, 0x70, 0xa8, 0x20, 0x00, 0x00, 0x00, 0x07, 0x00, 0x00, 0x00, 0x30, 0x30, 0xfc, 0x30,
	0x30, 0x00, 0x00, 0x00, 0x07, 0x00, 0x00, 0x00, 0x00, 0x00, 0x00, 0x00, 0x30, 0x30, 0x60, 0x00,
	0x07, 0x00, 0x00, 0x00, 0x00, 0x00, 0xfc, 0x00, 0x00, 0x00, 0x00, 0x00, 0x07, 0x00, 0x00, 0x00,
	0x00, 0x00, 0x00, 0x00, 0x30, 0x30, 0x00, 0x00, 0x07, 0x00, 0x0c, 0x0c, 0x18, 0x18, 0x30, 0x30,
	0x60, 0x60, 0x00, 0x00, 0x07, 0x00, 0x78, 0xcc, 0xcc, 0xdc, 0xec, 0xcc, 0xcc, 0x78, 0x00, 0x00,
	0x07, 0x00, 0x30, 0x70, 0xf0, 0x30, 0x30, 0x30, 0x30, 0xfc, 0x00, 0x00, 0x07, 0x00, 0x78, 0xcc,
	0xcc, 0x18, 0x30, 0x60, 0xcc, 0xfc, 0x00, 0x00, 0x07, 0x00, 0xfc, 0x98, 0x30, 0x78, 0x0c, 0x0c,
	0xcc, 0x78, 0x00, 0x00, 0x07, 0x00, 0x18, 0x30, 0x68, 0xd8, 0xd8, 0xfc, 0x18, 0x3c, 0x00, 0x00,
	0x07, 0x00, 0xfc, 0xc0, 0xc0, 0xf8, 0x0c, 0x0c, 0xcc, 0x78, 0x00, 0x00, 0x07, 0x00, 0x38, 0x60,
	0xc0, 0xf8, 0xcc, 0xcc, 0xcc, 0x78, 0x00, 0x00, 0x07, 0x00, 0xfc, 0x8c, 0x0c, 0x18, 0x30, 0x30,
	0x30, 0x30, 0x00, 0x00, 0x07, 0x00, 0x78, 0xcc, 0xcc, 0x78, 0xcc, 0xcc, 0xcc, 0x78, 0x00, 0x00,
	0x07, 0x00, 0x78, 0xcc, 0xcc, 0xcc, 0x7c, 0x0c, 0x18, 0x70, 0x00, 0x00, 0x07, 0x00, 0x00, 0x30,
	0x30, 0x00, 0x00, 0x30, 0x30, 0x00, 0x00, 0x00, 0x07, 0x00, 0x00, 0x30, 0x30, 0x00, 0x00, 0x30,
	0x30, 0x30, 0x60, 0x00, 0x07, 0x00, 0x00, 0x0c, 0x18, 0x30, 0x60, 0x30, 0x18, 0x0c, 0x00, 0x00,
	0x07, 0x00, 0x00, 0x00, 0x00, 0xfc, 0x00, 0xfc, 0x00, 0x00, 0x00, 0x00, 0x07, 0x00, 0x00, 0x60,
	0x30, 0x18, 0x0c, 0x18, 0x30, 0x60, 0x00, 0x00, 0x07, 0x00, 0x78, 0xcc, 0xcc, 0x18, 0x30, 0x30,
	0x00, 0x30, 0x00, 0x00, 0x07, 0x00, 0x70, 0x88, 0x04, 0x74, 0xb4, 0xb4, 0xb4, 0x68, 0x00, 0x00,
	0x07, 0x00, 0x30, 0x78, 0xcc, 0xcc, 0xfc, 0xcc, 0xcc, 0xcc, 0x00, 0x00, 0x07, 0x00, 0xf8, 0xcc,
	0xcc, 0xf8, 0xcc, 0xcc, 0xcc, 0xf8, 0x00, 0x00, 0x07, 0x00, 0x78, 0xcc, 0xc0, 0xc0, 0xc0, 0xc0,
	0xcc, 0x78, 0x00, 0x00, 0x07, 0x00, 0xf0, 0xd8, 0xcc, 0xcc, 0xcc, 0xcc, 0xd8, 0xf0, 0x00, 0x00,
	0x07, 0x00, 0xfc, 0xc4, 0xd0, 0xf0, 0xd0, 0xc0, 0xc4, 0xfc, 0x00, 0x00, 0x07, 0x00, 0xfc, 0xc4,
	0xd0, 0xf0, 0xd0, 0xc0, 0xc0, 0xc0, 0x00, 0x00, 0x07, 0x00, 0x78, 0xcc, 0xc0, 0xc0, 0xdc, 0xcc,
	0xcc, 0x78, 0x00, 0x00, 0x07, 0x00, 0xcc, 0xcc, 0xcc, 0xfc, 0xcc, 0xcc, 0xcc, 0xcc, 0x00, 0x00,
	0x07, 0x00, 0x78, 0x30, 0x30, 0x30, 0x30, 0x30, 0x30, 0x78, 0x00, 0x00, 0x07, 0x00, 0x3c, 0x18,
	0x18, 0x18, 0x18, 0xd8, 0xd8, 0x70, 0x00, 0x00, 0x07, 0x00, 0xcc, 0xcc, 0xd8, 0xf0, 0xd8, 0xcc,
	0xcc, 0xcc, 0x00, 0x00, 0x07, 0x00, 0xc0, 0xc0, 0xc0, 0xc0, 0xc0, 0xc0, 0xc4, 0xfc, 0x00, 0x00,
	0x07, 0x00, 0x84, 0xcc, 0xfc, 0xb4, 0xcc, 0xcc, 0xcc, 0xcc, 0x00, 0x00, 0x07, 0x00, 0xcc, 0xcc,
	0xec, 0xfc, 0xdc, 0xcc, 0xcc, 0xcc, 0x00, 0x00, 0x07, 0x00, 0x78, 0xcc, 0xcc, 0xcc, 0xcc, 0xcc,
	0xcc, 0x78, 0x00, 0x00, 0x07, 0x00, 0xf8, 0xcc, 0xcc, 0xcc, 0xf8, 0xc0, 0xc0, 0xc0, 0x00, 0x00,
	0x07, 0x00, 0x78, 0xcc, 0xcc, 0xcc, 0xcc, 0xdc, 0x78, 0x18, 0x0c, 0x00, 0x07, 0x00, 0xf8, 0xcc,
	0xcc, 0xcc, 0xf8, 0xd8, 0xcc, 0xcc, 0x00, 0x00, 0x07, 0x00, 0x78, 0xcc, 0xe0, 0x70, 0x38, 0x1c,
	0xcc, 0x78, 0x00, 0x00, 0x07, 0x00, 0xfc, 0xb4, 0x30, 0x30, 0x30, 0x30, 0x30, 0x30, 0x00, 0x00,
	0x07, 0x00, 0xcc, 0xcc, 0xcc, 0xcc, 0xcc, 0xcc, 0xcc, 0x78, 0x00, 0x00, 0x07, 0x00, 0xcc, 0xcc,
	0xcc, 0xcc, 0xcc, 0xcc, 0x78, 0x30, 0x00, 0x00, 0x07, 0x00, 0xcc, 0xcc, 0xcc, 0xcc, 0xb4, 0xfc,
	0xcc, 0x84, 0x00, 0x00, 0x07, 0x00, 0xcc, 0xcc, 0x78, 0x30, 0x78, 0xcc, 0xcc, 0xcc, 0x00, 0x00,
	0x07, 0x00, 0xcc, 0xcc, 0xcc, 0x78, 0x30, 0x30, 0x30, 0x78, 0x00, 0x00, 0x07, 0x00, 0xfc, 0x8c,
	0x18, 0x30, 0x60, 0xc0, 0xc4, 0xfc, 0x00, 0x00, 0x07, 0x00, 0x78, 0x60, 0x60, 0x60, 0x60, 0x60,
	0x60, 0x78, 0x00, 0x00, 0x07, 0x00, 0x60, 0x60, 0x30, 0x30, 0x18, 0x18, 0x0c, 0x0c, 0x00, 0x00,
	0x07, 0x00, 0x78, 0x18, 0x18, 0x18, 0x18, 0x18, 0x18, 0x78, 0x00, 0x00, 0x07, 0x00, 0x10, 0x38,
	0x6c, 0x00, 0x00, 0x00, 0x00, 0x00, 0x00, 0x00, 0x07, 0x00, 0x00, 0x00, 0x00, 0x00, 0x00, 0x00,
	0x00, 0xfc, 0x00, 0x00, 0x07, 0x00, 0x30, 0x30, 0x18, 0x00, 0x00, 0x00, 0x00, 0x00, 0x00, 0x00,
	0x07, 0x00, 0x00, 0x00, 0x70, 0x18, 0x78, 0xd8, 0xd8, 0x6c, 0x00, 0x00, 0x07, 0x00, 0x60, 0x60,
	0x60, 0x78, 0x6c, 0x6c, 0x6c, 0x78, 0x00, 0x00, 0x07, 0x00, 0x00, 0x00, 0x78, 0xcc, 0xc0, 0xc0,
	0xcc, 0x78, 0x00, 0x00, 0x07, 0x00, 0x18, 0x18, 0x18, 0x78, 0xd8, 0xd8, 0xd8, 0x6c, 0x00, 0x00,
	0x07, 0x00, 0x00, 0x00, 0x78, 0xcc, 0xfc, 0xc0, 0xcc, 0x78, 0x00, 0x00, 0x07, 0x00, 0x18, 0x34,
	0x30, 0x78, 0x30, 0x30, 0x30, 0x78, 0x00, 0x00, 0x07, 0x00, 0x00, 0x00, 0x6c, 0xd8, 0xd8, 0xd8,
	0x78, 0x18, 0xd8, 0x70, 0x07, 0x00, 0xc0, 0xc0, 0xd8, 0xec, 0xcc, 0xcc, 0xcc, 0xcc, 0x00, 0x00,
	0x07, 0x00, 0x30, 0x00, 0x70, 0x30, 0x30, 0x30, 0x30, 0x78, 0x00, 0x00, 0x07, 0x00, 0x0c, 0x00,
	0x1c, 0x0c, 0x0c, 0x0c, 0x0c, 0x6c, 0x6c, 0x38, 0x07, 0x00, 0xc0, 0xc0, 0xcc, 0xcc, 0xd8, 0xf0,
	0xd8, 0xcc, 0x00, 0x00, 0x07, 0x00, 0x70, 0x30, 0x30, 0x30, 0x30, 0x30, 0x30, 0x78, 0x00, 0x00,
	0x07, 0x00, 0x00, 0x00, 0xe8, 0xfc, 0xd4, 0xd4, 0xc4, 0xc4, 0x00, 0x00, 0x07, 0x00, 0x00, 0x00,
	0xd8, 0x6c, 0x6c, 0x6c, 0x6c, 0x6c, 0x00, 0x00, 0x07, 0x00, 0x00, 0x00, 0x78, 0xcc, 0xcc, 0xcc,
	0xcc, 0x78, 0x00, 0x00, 0x07, 0x00, 0x00, 0x00, 0xf8, 0xcc, 0xcc, 0xcc, 0xf8, 0xc0, 0xc0, 0xc0,
	0x07, 0x00, 0x00, 0x00, 0x7c, 0xcc, 0xcc, 0xcc, 0x7c, 0x0c, 0x0c, 0x0c, 0x07, 0x00, 0x00, 0x00,
	0xd8, 0xec, 0xcc, 0xc0, 0xc0, 0xc0, 0x00, 0x00, 0x07, 0x00, 0x00, 0x00, 0x78, 0xcc, 0x60, 0x18,
	0xcc, 0x78, 0x00, 0x00, 0x07, 0x00, 0x20, 0x60, 0x60, 0xf0, 0x60, 0x60, 0x68, 0x30, 0x00, 0x00,
	0x07, 0x00, 0x00, 0x00, 0xd8, 0xd8, 0xd8, 0xd8, 0xd8, 0x6c, 0x00, 0x00, 0x07, 0x00, 0x00, 0x00,
	0xcc, 0xcc, 0xcc, 0xcc, 0x78, 0x30, 0x00, 0x00, 0x07, 0x00, 0x00, 0x00, 0xcc, 0xcc, 0xb4, 0xfc,
	0xcc, 0x84, 0x00, 0x00, 0x07, 0x00, 0x00, 0x00, 0xcc, 0x78, 0x30, 0x78, 0xcc, 0xcc, 0x00, 0x00,
	0x07, 0x00, 0x00, 0x00, 0xcc, 0xcc, 0xcc, 0xcc, 0x7c, 0x0c, 0x18, 0xf0, 0x07, 0x00, 0x00, 0x00,
	0xfc, 0x98, 0x30, 0x60, 0xc4, 0xfc, 0x00, 0x00, 0x07, 0x1c, 0x30, 0x30, 0x30, 0xe0, 0x30, 0x30,
	0x30, 0x1c, 0x00, 0x00, 0x07, 0x30, 0x30, 0x30, 0x30, 0x00, 0x30, 0x30, 0x30, 0x30, 0x00, 0x00,
	0x07, 0xe0, 0x30, 0x30, 0x30, 0x1c, 0x30, 0x30, 0x30, 0xe0, 0x00, 0x00, 0x07, 0x00, 0x34, 0x58,
	0x00, 0x00, 0x00, 0x00, 0x00, 0x00, 0x00, 0x00, 0x07, 0x00, 0x00, 0x00, 0x30, 0x78, 0xcc, 0xcc,
	0xfc, 0x00, 0x00, 0x00, 0x00,
}

// GetGSE7x11Bold returns the GSE 7x11 bold bitmap font data
func GetGSE7x11Bold() []byte {
	return cloneFontData(GSE7x11Bold)
}

// GSE7x15 - gse7x15 font data
var GSE7x15 = []byte{
	0x0f, 0x00, 0x20, 0x60, 0x00, 0x00, 0x10, 0x00, 0x20, 0x00, 0x30, 0x00, 0x40, 0x00, 0x50, 0x00,
	0x60, 0x00, 0x70, 0x00, 0x80, 0x00, 0x90, 0x00, 0xa0, 0x00, 0xb0, 0x00, 0xc0, 0x00, 0xd0, 0x00,
	0xe0, 0x00, 0xf0, 0x00, 0x00, 0x01, 0x10, 0x01, 0x20, 0x01, 0x30, 0x01, 0x40, 0x01, 0x50, 0x01,
	0x60, 0x01, 0x70, 0x01, 0x80, 0x01, 0x90, 0x01, 0xa0, 0x01, 0xb0, 0x01, 0xc0, 0x01, 0xd0, 0x01,
	0xe0, 0x01, 0xf0, 0x01, 0x00, 0x02, 0x10, 0x02, 0x20, 0x02, 0x30, 0x02, 0x40, 0x02, 0x50, 0x02,
	0x60, 0x02, 0x70, 0x02, 0x80, 0x02, 0x90, 0x02, 0xa0, 0x02, 0xb0, 0x02, 0xc0, 0x02, 0xd0, 0x02,
	0xe0, 0x02, 0xf0, 0x02, 0x00, 0x03, 0x10, 0x03, 0x20, 0x03, 0x30, 0x03, 0x40, 0x03, 0x50, 0x03,
	0x60, 0x03, 0x70, 0x03, 0x80, 0x03, 0x90, 0x03, 0xa0, 0x03, 0xb0, 0x03, 0xc0, 0x03, 0xd0, 0x03,
	0xe0, 0x03, 0xf0, 0x03, 0x00, 0x04, 0x10, 0x04, 0x20, 0x04, 0x30, 0x04, 0x40, 0x04, 0x50, 0x04,
	0x60, 0x04, 0x70, 0x04, 0x80, 0x04, 0x90, 0x04, 0xa0, 0x04, 0xb0, 0x04, 0xc0, 0x04, 0xd0, 0x04,
	0xe0, 0x04, 0xf0, 0x04, 0x00, 0x05, 0x10, 0x05, 0x20, 0x05, 0x30, 0x05, 0x40, 0x05, 0x50, 0x05,
	0x60, 0x05, 0x70, 0x05, 0x80, 0x05, 0x90, 0x05, 0xa0, 0x05, 0xb0, 0x05, 0xc0, 0x05, 0xd0, 0x05,
	0xe0, 0x05, 0xf0, 0x05, 0x07, 0x00, 0x00, 0x00, 0x00, 0x00, 0x00, 0x00, 0x00, 0x00, 0x00, 0x00,
	0x00, 0x00, 0x00, 0x00, 0x07, 0x00, 0x00, 0x10, 0x38, 0x38, 0x38, 0x38, 0x10, 0x10, 0x00, 0x10,
	0x10, 0x00, 0x00, 0x00, 0x07, 0x00, 0x00, 0x24, 0x24, 0x24, 0x24, 0x00, 0x00, 0x00, 0x00, 0x00,
	0x00, 0x00, 0x00, 0x00, 0x07, 0x00, 0x00, 0x48, 0x48, 0x48, 0xfc, 0x48, 0x48, 0xfc, 0x48, 0x48,
	0x48, 0x00, 0x00, 0x00, 0x07, 0x00, 0x00, 0x10, 0x38, 0x54, 0x50, 0x38, 0x14, 0x54, 0x54, 0x38,
	0x10, 0x00, 0x00, 0x00, 0x07, 0x00, 0x00, 0x44, 0x44, 0x08, 0x08, 0x10, 0x10, 0x20, 0x20, 0x44,
	0x44, 0x00, 0x00, 0x00, 0x07, 0x00, 0x00, 0x00, 0x30, 0x48, 0x48, 0x30, 0x60, 0x94, 0x98, 0x90,
	0x6c, 0x00, 0x00, 0x00, 0x07, 0x00, 0x00, 0x20, 0x20, 0x20, 0x40, 0x00, 0x00, 0x00, 0x00, 0x00,
	0x00, 0x00, 0x00, 0x00, 0x07, 0x00, 0x04, 0x08, 0x10, 0x20, 0x20, 0x20, 0x20, 0x20, 0x10, 0x08,
	0x04, 0x00, 0x00, 0x00, 0x07, 0x00, 0x40, 0x20, 0x10, 0x08, 0x08, 0x08, 0x08, 0x08, 0x10, 0x20,
	0x40, 0x00, 0x00, 0x00, 0x07, 0x00, 0x00, 0x00, 0x00, 0x00, 0x20, 0xa8, 0x70, 0xa8, 0x20, 0x00,
	0x00, 0x00, 0x00, 0x00, 0x07, 0x00, 0x00, 0x00, 0x00, 0x10, 0x10, 0x10, 0x7c, 0x10, 0x10, 0x10,
	0x00, 0x00, 0x00, 0x00, 0x07, 0x00, 0x00, 0x00, 0x00, 0x00, 0x00, 0x00, 0x00, 0x00, 0x00, 0x30,
	0x30, 0x30, 0x60, 0x00, 0x07, 0x00, 0x00, 0x00, 0x00, 0x00, 0x00, 0x00, 0xfc, 0x00, 0x00, 0x00,
	0x00, 0x00, 0x00, 0x00, 0x07, 0x00, 0x00, 0x00, 0x00, 0x00, 0x00, 0x00, 0x00, 0x00, 0x00, 0x30,
	0x30, 0x00, 0x00, 0x00, 0x07, 0x00, 0x00, 0x04, 0x04, 0x08, 0x08, 0x10, 0x10, 0x20, 0x20, 0x40,
	0x40, 0x00, 0x00, 0x00, 0x07, 0x00, 0x00, 0x38, 0x44, 0x44, 0x4c, 0x54, 0x64, 0x44, 0x44, 0x44,
	0x38, 0x00, 0x00, 0x00, 0x07, 0x00, 0x00, 0x10, 0x10, 0x30, 0x10, 0x10, 0x10, 0x10, 0x10, 0x10,
	0x7c, 0x00, 0x00, 0x00, 0x07, 0x00, 0x00, 0x38, 0x44, 0x44, 0x04, 0x08, 0x10, 0x20, 0x40, 0x44,
	0x7c, 0x00, 0x00, 0x00, 0x07, 0x00, 0x00, 0x7c, 0x44, 0x08, 0x10, 0x38, 0x04, 0x04, 0x04, 0x44,
	0x38, 0x00, 0x00, 0x00, 0x07, 0x00, 0x00, 0x08, 0x10, 0x20, 0x40, 0x48, 0x48, 0x7c, 0x08, 0x08,
	0x1c, 0x00, 0x00, 0x00, 0x07, 0x00, 0x00, 0x7c, 0x40, 0x40, 0x40, 0x78, 0x04, 0x04, 0x04, 0x44,
	0x38, 0x00, 0x00, 0x00, 0x07, 0x00, 0x00, 0x18, 0x20, 0x40, 0x40, 0x78, 0x44, 0x44, 0x44, 0x44,
	0x38, 0x00, 0x00, 0x00, 0x07, 0x00, 0x00, 0x7c, 0x44, 0x04, 0x04, 0x08, 0x08, 0x10, 0x10, 0x10,
	0x10, 0x00, 0x00, 0x00, 0x07, 0x00, 0x00, 0x38, 0x44, 0x44, 0x44, 0x38, 0x44, 0x44, 0x44, 0x44,
	0x38, 0x00, 0x00, 0x00, 0x07, 0x00, 0x00, 0x38, 0x44, 0x44, 0x44, 0x44, 0x3c, 0x04, 0x04, 0x08,
	0x30, 0x00, 0x00, 0x00, 0x07, 0x00, 0x00, 0x00, 0x00, 0x00, 0x30, 0x00, 0x00, 0x00, 0x00, 0x30,
	0x00, 0x00, 0x00, 0x00, 0x07, 0x00, 0x00, 0x00, 0x00, 0x00, 0x30, 0x00, 0x00, 0x00, 0x00, 0x30,
	0x30, 0x60, 0x00, 0x00, 0x07, 0x00, 0x00, 0x00, 0x04, 0x08, 0x10, 0x20, 0x40, 0x20, 0x10, 0x08,
	0x04, 0x00, 0x00, 0x00, 0x07, 0x00, 0x00, 0x00, 0x00, 0x00, 0xfc, 0x00, 0xfc, 0x00, 0x00, 0x00,
	0x00, 0x00, 0x00, 0x00, 0x07, 0x00, 0x00, 0x00, 0x40, 0x20, 0x10, 0x08, 0x04, 0x08, 0x10, 0x20,
	0x40, 0x00, 0x00, 0x00, 0x07, 0x00, 0x00, 0x78, 0x84, 0x84, 0x84, 0x08, 0x10, 0x20, 0x20, 0x00,
	0x20, 0x00, 0x00, 0x00, 0x07, 0x00, 0x00, 0x00, 0x30, 0x48, 0x04, 0x34, 0x54, 0x54, 0x54, 0x54,
	0x28, 0x00, 0x00, 0x00, 0x07, 0x00, 0x00, 0x10, 0x28, 0x44, 0x44, 0x44, 0x7c, 0x44, 0x44, 0x44,
	0x44, 0x00, 0x00, 0x00, 0x07, 0x00, 0x00, 0x78, 0x44, 0x44, 0x44, 0x78, 0x44, 0x44, 0x44, 0x44,
	0x78, 0x00, 0x00, 0x00, 0x07, 0x00, 0x00, 0x38, 0x44, 0x44, 0x40, 0x40, 0x40, 0x40, 0x44, 0x44,
	0x38, 0x00, 0x00, 0x00, 0x07, 0x00, 0x00, 0x70, 0x48, 0x44, 0x44, 0x44, 0x44, 0x44, 0x44, 0x48,
	0x70, 0x00, 0x00, 0x00, 0x07, 0x00, 0x00, 0x7c, 0x40, 0x40, 0x40, 0x70, 0x40, 0x40, 0x40, 0x40,
	0x7c, 0x00, 0x00, 0x00, 0x07, 0x00, 0x00, 0x7c, 0x40, 0x40, 0x40, 0x70, 0x40, 0x40, 0x40, 0x40,
	0x40, 0x00, 0x00, 0x00, 0x07, 0x00, 0x00, 0x38, 0x44, 0x40, 0x40, 0x40, 0x5c, 0x44, 0x44, 0x44,
	0x38, 0x00, 0x00, 0x00, 0x07, 0x00, 0x00, 0x44, 0x44, 0x44, 0x44, 0x7c, 0x44, 0x44, 0x44, 0x44,
	0x44, 0x00, 0x00, 0x00, 0x07, 0x00, 0x00, 0x38, 0x10, 0x10, 0x10, 0x10, 0x10, 0x10, 0x10, 0x10,
	0x38, 0x00, 0x00, 0x00, 0x07, 0x00, 0x00, 0x1c, 0x08, 0x08, 0x08, 0x08, 0x08, 0x08, 0x48, 0x48,
	0x30, 0x00, 0x00, 0x00, 0x07, 0x00, 0x00, 0x44, 0x44, 0x48, 0x50, 0x60, 0x50, 0x48, 0x44, 0x44,
	0x44, 0x00, 0x00, 0x00, 0x07, 0x00, 0x00, 0x40, 0x40, 0x40, 0x40, 0x40, 0x40, 0x40, 0x40, 0x40,
	0x7c, 0x00, 0x00, 0x00, 0x07, 0x00, 0x00, 0x44, 0x6c, 0x54, 0x54, 0x44, 0x44, 0x44, 0x44, 0x44,
	0x44, 0x00, 0x00, 0x00, 0x07, 0x00, 0x00, 0x44, 0x44, 0x44, 0x64, 0x54, 0x4c, 0x44, 0x44, 0x44,
	0x44, 0x00, 0x00, 0x00, 0x07, 0x00, 0x00, 0x38, 0x44, 0x44, 0x44, 0x44, 0x44, 0x44, 0x44, 0x44,
	0x38, 0x00, 0x00, 0x00, 0x07, 0x00, 0x00, 0x78, 0x44, 0x44, 0x44, 0x44, 0x78, 0x40, 0x40, 0x40,
	0x40, 0x00, 0x00, 0x00, 0x07, 0x00, 0x00, 0x38, 0x44, 0x44, 0x44, 0x44, 0x44, 0x44, 0x54, 0x48,
	0x34, 0x00, 0x00, 0x00, 0x07, 0x00, 0x00, 0x78, 0x44, 0x44, 0x44, 0x44, 0x78, 0x50, 0x48, 0x44,
	0x44, 0x00, 0x00, 0x00, 0x07, 0x00, 0x00, 0x38, 0x44, 0x44, 0x40, 0x38, 0x04, 0x04, 0x44, 0x44,
	0x38, 0x00, 0x00, 0x00, 0x07, 0x00, 0x00, 0x7c, 0x54, 0x10, 0x10, 0x10, 0x10, 0x10, 0x10, 0x10,
	0x10, 0x00, 0x00, 0x00, 0x07, 0x00, 0x00, 0x44, 0x44, 0x44, 0x44, 0x44, 0x44, 0x44, 0x44, 0x44,
	0x38, 0x00, 0x00, 0x00, 0x07, 0x00, 0x00, 0x44, 0x44, 0x44, 0x44, 0x44, 0x44, 0x28, 0x28, 0x10,
	0x10, 0x00, 0x00, 0x00, 0x07, 0x00, 0x00, 0x44, 0x44, 0x44, 0x44, 0x44, 0x44, 0x54, 0x54, 0x6c,
	0x44, 0x00, 0x00, 0x00, 0x07, 0x00, 0x00, 0x44, 0x44, 0x44, 0x28, 0x10, 0x28, 0x44, 0x44, 0x44,
	0x44, 0x00, 0x00, 0x00, 0x07, 0x00, 0x00, 0x44, 0x44, 0x44, 0x44, 0x28, 0x10, 0x10, 0x10, 0x10,
	0x38, 0x00, 0x00, 0x00, 0x07, 0x00, 0x00, 0x7c, 0x04, 0x04, 0x08, 0x10, 0x20, 0x40, 0x40, 0x40,
	0x7c, 0x00, 0x00, 0x00, 0x07, 0x00, 0x38, 0x20, 0x20, 0x20, 0x20, 0x20, 0x20, 0x20, 0x20, 0x20,
	0x20, 0x38, 0x00, 0x00, 0x07, 0x00, 0x00, 0x40, 0x40, 0x20, 0x20, 0x10, 0x10, 0x08, 0x08, 0x04,
	0x04, 0x00, 0x00, 0x00, 0x07, 0x00, 0x38, 0x08, 0x08, 0x08, 0x08, 0x08, 0x08, 0x08, 0x08, 0x08,
	0x08, 0x38, 0x00, 0x00, 0x07, 0x00, 0x10, 0x28, 0x44, 0x00, 0x00, 0x00, 0x00, 0x00, 0x00, 0x00,
	0x00, 0x00, 0x00, 0x00, 0x07, 0x00, 0x00, 0x00, 0x00, 0x00, 0x00, 0x00, 0x00, 0x00, 0x00, 0x00,
	0xfc, 0x00, 0x00, 0x00, 0x07, 0x00, 0x20, 0x20, 0x20, 0x10, 0x00, 0x00, 0x00, 0x00, 0x00, 0x00,
	0x00, 0x00, 0x00, 0x00, 0x07, 0x00, 0x00, 0x00, 0x00, 0x38, 0x44, 0x04, 0x3c, 0x44, 0x44, 0x44,
	0x3a, 0x00, 0x00, 0x00, 0x07, 0x00, 0x00, 0x40, 0x40, 0x40, 0x78, 0x44, 0x44, 0x44, 0x44, 0x44,
	0x78, 0x00, 0x00, 0x00, 0x07, 0x00, 0x00, 0x00, 0x00, 0x38, 0x44, 0x40, 0x40, 0x40, 0x40, 0x44,
	0x38, 0x00, 0x00, 0x00, 0x07, 0x00, 0x00, 0x04, 0x04, 0x04, 0x3c, 0x44, 0x44, 0x44, 0x44, 0x44,
	0x3a, 0x00, 0x00, 0x00, 0x07, 0x00, 0x00, 0x00, 0x00, 0x38, 0x44, 0x44, 0x7c, 0x40, 0x40, 0x44,
	0x38, 0x00, 0x00, 0x00, 0x07, 0x00, 0x00, 0x18, 0x24, 0x20, 0x70, 0x20, 0x20, 0x20, 0x20, 0x20,
	0x70, 0x00, 0x00, 0x00, 0x07, 0x00, 0x00, 0x00, 0x00, 0x3a, 0x44, 0x44, 0x44, 0x44, 0x44, 0x3c,
	0x04, 0x44, 0x38, 0x00, 0x07, 0x00, 0x00, 0x40, 0x40, 0x40, 0x58, 0x64, 0x44, 0x44, 0x44, 0x44,
	0x44, 0x00, 0x00, 0x00, 0x07, 0x00, 0x00, 0x10, 0x10, 0x00, 0x30, 0x10, 0x10, 0x10, 0x10, 0x10,
	0x38, 0x00, 0x00, 0x00, 0x07, 0x00, 0x00, 0x08, 0x08, 0x00, 0x18, 0x08, 0x08, 0x08, 0x08, 0x08,
	0x48, 0x48, 0x30, 0x00, 0x07, 0x00, 0x00, 0x40, 0x40, 0x44, 0x44, 0x48, 0x50, 0x60, 0x50, 0x48,
	0x44, 0x00, 0x00, 0x00, 0x07, 0x00, 0x00, 0x30, 0x10, 0x10, 0x10, 0x10, 0x10, 0x10, 0x10, 0x10,
	0x38, 0x00, 0x00, 0x00, 0x07, 0x00, 0x00, 0x00, 0x00, 0xa8, 0x54, 0x54, 0x54, 0x54, 0x54, 0x54,
	0x54, 0x00, 0x00, 0x00, 0x07, 0x00, 0x00, 0x00, 0x00, 0xb8, 0x44, 0x44, 0x44, 0x44, 0x44, 0x44,
	0x44, 0x00, 0x00, 0x00, 0x07, 0x00, 0x00, 0x00, 0x00, 0x38, 0x44, 0x44, 0x44, 0x44, 0x44, 0x44,
	0x38, 0x00, 0x00, 0x00, 0x07, 0x00, 0x00, 0x00, 0x00, 0x78, 0x44, 0x44, 0x44, 0x44, 0x44, 0x78,
	0x40, 0x40, 0x40, 0x00, 0x07, 0x00, 0x00, 0x00, 0x00, 0x3c, 0x44, 0x44, 0x44, 0x44, 0x44, 0x3c,
	0x04, 0x04, 0x04, 0x00, 0x07, 0x00, 0x00, 0x00, 0x00, 0x58, 0x64, 0x44, 0x40, 0x40, 0x40, 0x40,
	0x40, 0x00, 0x00, 0x00, 0x07, 0x00, 0x00, 0x00, 0x00, 0x38, 0x44, 0x40, 0x38, 0x04, 0x44, 0x44,
	0x38, 0x00, 0x00, 0x00, 0x07, 0x00, 0x00, 0x20, 0x20, 0x20, 0x70, 0x20, 0x20, 0x20, 0x20, 0x24,
	0x18, 0x00, 0x00, 0x00, 0x07, 0x00, 0x00, 0x00, 0x00, 0x44, 0x44, 0x44, 0x44, 0x44, 0x44, 0x44,
	0x3a, 0x00, 0x00, 0x00, 0x07, 0x00, 0x00, 0x00, 0x00, 0x44, 0x44, 0x44, 0x44, 0x28, 0x28, 0x10,
	0x10, 0x00, 0x00, 0x00, 0x07, 0x00, 0x00, 0x00, 0x00, 0x44, 0x44, 0x44, 0x44, 0x54, 0x54, 0x6c,
	0x44, 0x00, 0x00, 0x00, 0x07, 0x00, 0x00, 0x00, 0x00, 0x44, 0x44, 0x28, 0x10, 0x28, 0x44, 0x44,
	0x44, 0x00, 0x00, 0x00, 0x07, 0x00, 0x00, 0x00, 0x00, 0x44, 0x44, 0x44, 0x44, 0x44, 0x44, 0x3c,
	0x04, 0x08, 0x70, 0x00, 0x07, 0x00, 0x00, 0x00, 0x00, 0x7c, 0x04, 0x08, 0x10, 0x20, 0x40, 0x40,
	0x7c, 0x00, 0x00, 0x00, 0x07, 0x00, 0x0c, 0x10, 0x10, 0x10, 0x10, 0x10, 0x60, 0x10, 0x10, 0x10,
	0x10, 0x0c, 0x00, 0x00, 0x07, 0x00, 0x20, 0x20, 0x20, 0x20, 0x20, 0x00, 0x00, 0x20, 0x20, 0x20,
	0x20, 0x20, 0x00, 0x00, 0x07, 0x00, 0x60, 0x10, 0x10, 0x10, 0x10, 0x10, 0x0c, 0x10, 0x10, 0x10,
	0x10, 0x60, 0x00, 0x00, 0x07, 0x00, 0x00, 0x64, 0x98, 0x00, 0x00, 0x00, 0x00, 0x00, 0x00, 0x00,
	0x00, 0x00, 0x00, 0x00, 0x07, 0x00, 0x00, 0x00, 0x00, 0x00, 0x10, 0x28, 0x44, 0x44, 0x7c, 0x00,
	0x00, 0x00, 0x00, 0x00, 0x00,
}

// GetGSE7x15 returns the GSE 7x15 pixel bitmap font data
func GetGSE7x15() []byte {
	return cloneFontData(GSE7x15)
}

// GSE7x15Bold - gse7x15_bold font data
var GSE7x15Bold = []byte{
	0x0f, 0x00, 0x20, 0x60, 0x00, 0x00, 0x10, 0x00, 0x20, 0x00, 0x30, 0x00, 0x40, 0x00, 0x50, 0x00,
	0x60, 0x00, 0x70, 0x00, 0x80, 0x00, 0x90, 0x00, 0xa0, 0x00, 0xb0, 0x00, 0xc0, 0x00, 0xd0, 0x00,
	0xe0, 0x00, 0xf0, 0x00, 0x00, 0x01, 0x10, 0x01, 0x20, 0x01, 0x30, 0x01, 0x40, 0x01, 0x50, 0x01,
	0x60, 0x01, 0x70, 0x01, 0x80, 0x01, 0x90, 0x01, 0xa0, 0x01, 0xb0, 0x01, 0xc0, 0x01, 0xd0, 0x01,
	0xe0, 0x01, 0xf0, 0x01, 0x00, 0x02, 0x10, 0x02, 0x20, 0x02, 0x30, 0x02, 0x40, 0x02, 0x50, 0x02,
	0x60, 0x02, 0x70, 0x02, 0x80, 0x02, 0x90, 0x02, 0xa0, 0x02, 0xb0, 0x02, 0xc0, 0x02, 0xd0, 0x02,
	0xe0, 0x02, 0xf0, 0x02, 0x00, 0x03, 0x10, 0x03, 0x20, 0x03, 0x30, 0x03, 0x40, 0x03, 0x50, 0x03,
	0x60, 0x03, 0x70, 0x03, 0x80, 0x03, 0x90, 0x03, 0xa0, 0x03, 0xb0, 0x03, 0xc0, 0x03, 0xd0, 0x03,
	0xe0, 0x03, 0xf0, 0x03, 0x00, 0x04, 0x10, 0x04, 0x20, 0x04, 0x30, 0x04, 0x40, 0x04, 0x50, 0x04,
	0x60, 0x04, 0x70, 0x04, 0x80, 0x04, 0x90, 0x04, 0xa0, 0x04, 0xb0, 0x04, 0xc0, 0x04, 0xd0, 0x04,
	0xe0, 0x04, 0xf0, 0x04, 0x00, 0x05, 0x10, 0x05, 0x20, 0x05, 0x30, 0x05, 0x40, 0x05, 0x50, 0x05,
	0x60, 0x05, 0x70, 0x05, 0x80, 0x05, 0x90, 0x05, 0xa0, 0x05, 0xb0, 0x05, 0xc0, 0x05, 0xd0, 0x05,
	0xe0, 0x05, 0xf0, 0x05, 0x07, 0x00, 0x00, 0x00, 0x00, 0x00, 0x00, 0x00, 0x00, 0x00, 0x00, 0x00,
	0x00, 0x00, 0x00, 0x00, 0x07, 0x00, 0x00, 0x00, 0x30, 0x78, 0x78, 0x78, 0x30, 0x30, 0x00, 0x30,
	0x30, 0x00, 0x00, 0x00, 0x07, 0x00, 0x00, 0x6c, 0x6c, 0x6c, 0x28, 0x00, 0x00, 0x00, 0x00, 0x00,
	0x00, 0x00, 0x00, 0x00, 0x07, 0x00, 0x00, 0x48, 0x48, 0x48, 0xfc, 0x48, 0x48, 0xfc, 0x48, 0x48,
	0x48, 0x00, 0x00, 0x00, 0x07, 0x00, 0x30, 0x30, 0x78, 0xcc, 0xe0, 0x70, 0x38, 0x1c, 0xcc, 0x78,
	0x30, 0x30, 0x00, 0x00, 0x07, 0x00, 0x00, 0x00, 0x64, 0x6c, 0x08, 0x18, 0x10, 0x30, 0x20, 0x6c,
	0x4c, 0x00, 0x00, 0x00, 0x07, 0x00, 0x00, 0x00, 0x30, 0x58, 0x58, 0x30, 0x74, 0xdc, 0xd8, 0xd8,
	0x6c, 0x00, 0x00, 0x00, 0x07, 0x00, 0x00, 0x30, 0x30, 0x30, 0x60, 0x00, 0x00, 0x00, 0x00, 0x00,
	0x00, 0x00, 0x00, 0x00, 0x07, 0x00, 0x0c, 0x18, 0x30, 0x60, 0x60, 0x60, 0x60, 0x60, 0x30, 0x18,
	0x0c, 0x00, 0x00, 0x00, 0x07, 0x00, 0xc0, 0x60, 0x30, 0x18, 0x18, 0x18, 0x18, 0x18, 0x30, 0x60,
	0xc0, 0x00, 0x00, 0x00, 0x07, 0x00, 0x00, 0x00, 0x00, 0x00, 0x20, 0xa8, 0x70, 0xa8, 0x20, 0x00,
	0x00, 0x00, 0x00, 0x00, 0x07, 0x00, 0x00, 0x00, 0x00, 0x00, 0x30, 0x30, 0xfc, 0x30, 0x30, 0x00,
	0x00, 0x00, 0x00, 0x00, 0x07, 0x00, 0x00, 0x00, 0x00, 0x00, 0x00, 0x00, 0x00, 0x00, 0x00, 0x30,
	0x30, 0x30, 0x60, 0x00, 0x07, 0x00, 0x00, 0x00, 0x00, 0x00, 0x00, 0x00, 0xfc, 0x00, 0x00, 0x00,
	0x00, 0x00, 0x00, 0x00, 0x07, 0x00, 0x00, 0x00, 0x00, 0x00, 0x00, 0x00, 0x00, 0x00, 0x00, 0x30,
	0x30, 0x00, 0x00, 0x00, 0x07, 0x00, 0x00, 0x0c, 0x0c, 0x18, 0x18, 0x30, 0x30, 0x60, 0x60, 0xc0,
	0xc0, 0x00, 0x00, 0x00, 0x07, 0x00, 0x00, 0x78, 0xcc, 0xcc, 0xcc, 0xdc, 0xec, 0xcc, 0xcc, 0xcc,
	0x78, 0x00, 0x00, 0x00, 0x07, 0x00, 0x00, 0x30, 0x30, 0x70, 0xf0, 0x30, 0x30, 0x30, 0x30, 0x30,
	0xfc, 0x00, 0x00, 0x00, 0x07, 0x00, 0x00, 0x78, 0xcc, 0xcc, 0x0c, 0x18, 0x30, 0x60, 0xc0, 0xcc,
	0xfc, 0x00, 0x00, 0x00, 0x07, 0x00, 0x00, 0xfc, 0x8c, 0x18, 0x30, 0x78, 0x0c, 0x0c, 0x0c, 0xcc,
	0x78, 0x00, 0x00, 0x00, 0x07, 0x00, 0x00, 0x18, 0x30, 0x60, 0xc8, 0xd8, 0xd8, 0xfc, 0x18, 0x18,
	0x3c, 0x00, 0x00, 0x00, 0x07, 0x00, 0x00, 0xfc, 0xc0, 0xc0, 0xc0, 0xf8, 0x0c, 0x0c, 0x0c, 0xcc,
	0x78, 0x00, 0x00, 0x00, 0x07, 0x00, 0x00, 0x38, 0x60, 0xc0, 0xc0, 0xf8, 0xcc, 0xcc, 0xcc, 0xcc,
	0x78, 0x00, 0x00, 0x00, 0x07, 0x00, 0x00, 0xfc, 0x8c, 0x0c, 0x0c, 0x18, 0x18, 0x30, 0x30, 0x30,
	0x30, 0x00, 0x00, 0x00, 0x07, 0x00, 0x00, 0x78, 0xcc, 0xcc, 0xcc, 0x78, 0xcc, 0xcc, 0xcc, 0xcc,
	0x78, 0x00, 0x00, 0x00, 0x07, 0x00, 0x00, 0x78, 0xcc, 0xcc, 0xcc, 0xcc, 0x7c, 0x0c, 0x0c, 0x18,
	0x70, 0x00, 0x00, 0x00, 0x07, 0x00, 0x00, 0x00, 0x00, 0x30, 0x30, 0x00, 0x00, 0x00, 0x30, 0x30,
	0x00, 0x00, 0x00, 0x00, 0x07, 0x00, 0x00, 0x00, 0x00, 0x30, 0x30, 0x00, 0x00, 0x00, 0x00, 0x30,
	0x30, 0x30, 0x60, 0x00, 0x07, 0x00, 0x00, 0x00, 0x0c, 0x18, 0x30, 0x60, 0xc0, 0x60, 0x30, 0x18,
	0x0c, 0x00, 0x00, 0x00, 0x07, 0x00, 0x00, 0x00, 0x00, 0x00, 0x00, 0xfc, 0x00, 0xfc, 0x00, 0x00,
	0x00, 0x00, 0x00, 0x00, 0x07, 0x00, 0x00, 0x00, 0xc0, 0x60, 0x30, 0x18, 0x0c, 0x18, 0x30, 0x60,
	0xc0, 0x00, 0x00, 0x00, 0x07, 0x00, 0x00, 0x78, 0xcc, 0xcc, 0x18, 0x30, 0x30, 0x30, 0x00, 0x30,
	0x30, 0x00, 0x00, 0x00, 0x07, 0x00, 0x00, 0x00, 0x70, 0x88, 0x04, 0x74, 0xb4, 0xb4, 0xb4, 0xb4,
	0x68, 0x00, 0x00, 0x00, 0x07, 0x00, 0x00, 0x30, 0x78, 0xcc, 0xcc, 0xcc, 0xfc, 0xcc, 0xcc, 0xcc,
	0xcc, 0x00, 0x00, 0x00, 0x07, 0x00, 0x00, 0xf8, 0xcc, 0xcc, 0xcc, 0xf8, 0xcc, 0xcc, 0xcc, 0xcc,
	0xf8, 0x00, 0x00, 0x00, 0x07, 0x00, 0x00, 0x78, 0xcc, 0xc4, 0xc0, 0xc0, 0xc0, 0xc0, 0xc4, 0xcc,
	0x78, 0x00, 0x00, 0x00, 0x07, 0x00, 0x00, 0xf0, 0xd8, 0xcc, 0xcc, 0xcc, 0xcc, 0xcc, 0xcc, 0xd8,
	0xf0, 0x00, 0x00, 0x00, 0x07, 0x00, 0x00, 0xfc, 0xc4, 0xc0, 0xd0, 0xf0, 0xd0, 0xc0, 0xc0, 0xc4,
	0xfc, 0x00, 0x00, 0x00, 0x07, 0x00, 0x00, 0xfc, 0xc4, 0xc0, 0xd0, 0xf0, 0xd0, 0xc0, 0xc0, 0xc0,
	0xc0, 0x00, 0x00, 0x00, 0x07, 0x00, 0x00, 0x78, 0xcc, 0xc0, 0xc0, 0xc0, 0xdc, 0xcc, 0xcc, 0xcc,
	0x78, 0x00, 0x00, 0x00, 0x07, 0x00, 0x00, 0xcc, 0xcc, 0xcc, 0xcc, 0xfc, 0xcc, 0xcc, 0xcc, 0xcc,
	0xcc, 0x00, 0x00, 0x00, 0x07, 0x00, 0x00, 0x78, 0x30, 0x30, 0x30, 0x30, 0x30, 0x30, 0x30, 0x30,
	0x78, 0x00, 0x00, 0x00, 0x07, 0x00, 0x00, 0x3c, 0x18, 0x18, 0x18, 0x18, 0x18, 0x18, 0xd8, 0xd8,
	0x70, 0x00, 0x00, 0x00, 0x07, 0x00, 0x00, 0xcc, 0xcc, 0xd8, 0xd8, 0xf0, 0xd8, 0xd8, 0xcc, 0xcc,
	0xcc, 0x00, 0x00, 0x00, 0x07, 0x00, 0x00, 0xc0, 0xc0, 0xc0, 0xc0, 0xc0, 0xc0, 0xc0, 0xc0, 0xc4,
	0xfc, 0x00, 0x00, 0x00, 0x07, 0x00, 0x00, 0x84, 0xcc, 0xfc, 0xb4, 0xcc, 0xcc, 0xcc, 0xcc, 0xcc,
	0xcc, 0x00, 0x00, 0x00, 0x07, 0x00, 0x00, 0xcc, 0xcc, 0xcc, 0xec, 0xfc, 0xdc, 0xcc, 0xcc, 0xcc,
	0xcc, 0x00, 0x00, 0x00, 0x07, 0x00, 0x00, 0x78, 0xcc, 0xcc, 0xcc, 0xcc, 0xcc, 0xcc, 0xcc, 0xcc,
	0x78, 0x00, 0x00, 0x00, 0x07, 0x00, 0x00, 0xf8, 0xcc, 0xcc, 0xcc, 0xcc, 0xf8, 0xc0, 0xc0, 0xc0,
	0xc0, 0x00, 0x00, 0x00, 0x07, 0x00, 0x00, 0x78, 0xcc, 0xcc, 0xcc, 0xcc, 0xcc, 0xcc, 0xdc, 0x78,
	0x18, 0x0c, 0x00, 0x00, 0x07, 0x00, 0x00, 0xf8, 0xcc, 0xcc, 0xcc, 0xcc, 0xf8, 0xd8, 0xcc, 0xcc,
	0xcc, 0x00, 0x00, 0x00, 0x07, 0x00, 0x00, 0x78, 0xcc, 0xcc, 0xe0, 0x70, 0x38, 0x1c, 0xcc, 0xcc,
	0x78, 0x00, 0x00, 0x00, 0x07, 0x00, 0x00, 0xfc, 0xb4, 0x30, 0x30, 0x30, 0x30, 0x30, 0x30, 0x30,
	0x30, 0x00, 0x00, 0x00, 0x07, 0x00, 0x00, 0xcc, 0xcc, 0xcc, 0xcc, 0xcc, 0xcc, 0xcc, 0xcc, 0xcc,
	0x78, 0x00, 0x00, 0x00, 0x07, 0x00, 0x00, 0xcc, 0xcc, 0xcc, 0xcc, 0xcc, 0xcc, 0xcc, 0xcc, 0x78,
	0x30, 0x00, 0x00, 0x00, 0x07, 0x00, 0x00, 0xcc, 0xcc, 0xcc, 0xcc, 0xcc, 0xcc, 0xb4, 0xfc, 0xcc,
	0x84, 0x00, 0x00, 0x00, 0x07, 0x00, 0x00, 0xcc, 0xcc, 0xcc, 0x78, 0x30, 0x78, 0xcc, 0xcc, 0xcc,
	0xcc, 0x00, 0x00, 0x00, 0x07, 0x00, 0x00, 0xcc, 0xcc, 0xcc, 0xcc, 0x78, 0x30, 0x30, 0x30, 0x30,
	0x78, 0x00, 0x00, 0x00, 0x07, 0x00, 0x00, 0xfc, 0x8c, 0x0c, 0x18, 0x30, 0x60, 0xc0, 0xc0, 0xc4,
	0xfc, 0x00, 0x00, 0x00, 0x07, 0x00, 0x78, 0x60, 0x60, 0x60, 0x60, 0x60, 0x60, 0x60, 0x60, 0x60,
	0x60, 0x78, 0x00, 0x00, 0x07, 0x00, 0x00, 0xc0, 0xc0, 0x60, 0x60, 0x30, 0x30, 0x18, 0x18, 0x0c,
	0x0c, 0x00, 0x00, 0x00, 0x07, 0x00, 0x78, 0x18, 0x18, 0x18, 0x18, 0x18, 0x18, 0x18, 0x18, 0x18,
	0x18, 0x78, 0x00, 0x00, 0x07, 0x00, 0x10, 0x38, 0x6c, 0x00, 0x00, 0x00, 0x00, 0x00, 0x00, 0x00,
	0x00, 0x00, 0x00, 0x00, 0x07, 0x00, 0x00, 0x00, 0x00, 0x00, 0x00, 0x00, 0x00, 0x00, 0x00, 0x00,
	0xfc, 0x00, 0x00, 0x00, 0x07, 0x00, 0x30, 0x30, 0x30, 0x18, 0x00, 0x00, 0x00, 0x00, 0x00, 0x00,
	0x00, 0x00, 0x00, 0x00, 0x07, 0x00, 0x00, 0x00, 0x00, 0x70, 0xd8, 0x18, 0x78, 0xd8, 0xd8, 0xd8,
	0x6c, 0x00, 0x00, 0x00, 0x07, 0x00, 0x00, 0x60, 0x60, 0x60, 0x78, 0x6c, 0x6c, 0x6c, 0x6c, 0x6c,
	0x78, 0x00, 0x00, 0x00, 0x07, 0x00, 0x00, 0x00, 0x00, 0x78, 0xcc, 0xc0, 0xc0, 0xc0, 0xc0, 0xcc,
	0x78, 0x00, 0x00, 0x00, 0x07, 0x00, 0x00, 0x18, 0x18, 0x18, 0x78, 0xd8, 0xd8, 0xd8, 0xd8, 0xd8,
	0x6c, 0x00, 0x00, 0x00, 0x07, 0x00, 0x00, 0x00, 0x00, 0x78, 0xcc, 0xcc, 0xfc, 0xc0, 0xc0, 0xcc,
	0x78, 0x00, 0x00, 0x00, 0x07, 0x00, 0x00, 0x30, 0x68, 0x60, 0x60, 0xf0, 0x60, 0x60, 0x60, 0x60,
	0xf0, 0x00, 0x00, 0x00, 0x07, 0x00, 0x00, 0x00, 0x00, 0x6c, 0xd8, 0xd8, 0xd8, 0xd8, 0xd8, 0x78,
	0x18, 0xd8, 0x70, 0x00, 0x07, 0x00, 0x00, 0xc0, 0xc0, 0xc0, 0xd8, 0xec, 0xcc, 0xcc, 0xcc, 0xcc,
	0xcc, 0x00, 0x00, 0x00, 0x07, 0x00, 0x00, 0x30, 0x30, 0x00, 0x70, 0x30, 0x30, 0x30, 0x30, 0x30,
	0x78, 0x00, 0x00, 0x00, 0x07, 0x00, 0x00, 0x18, 0x18, 0x00, 0x38, 0x18, 0x18, 0x18, 0x18, 0x18,
	0xd8, 0xd8, 0x70, 0x00, 0x07, 0x00, 0x00, 0xc0, 0xc0, 0xcc, 0xcc, 0xcc, 0xd8, 0xf0, 0xd8, 0xcc,
	0xcc, 0x00, 0x00, 0x00, 0x07, 0x00, 0x00, 0x70, 0x30, 0x30, 0x30, 0x30, 0x30, 0x30, 0x30, 0x30,
	0x78, 0x00, 0x00, 0x00, 0x07, 0x00, 0x00, 0x00, 0x00, 0xe8, 0xfc, 0xd4, 0xd4, 0xd4, 0xc4, 0xc4,
	0xc4, 0x00, 0x00, 0x00, 0x07, 0x00, 0x00, 0x00, 0x00, 0xd8, 0x6c, 0x6c, 0x6c, 0x6c, 0x6c, 0x6c,
	0x6c, 0x00, 0x00, 0x00, 0x07, 0x00, 0x00, 0x00, 0x00, 0x78, 0xcc, 0xcc, 0xcc, 0xcc, 0xcc, 0xcc,
	0x78, 0x00, 0x00, 0x00, 0x07, 0x00, 0x00, 0x00, 0x00, 0xf8, 0xcc, 0xcc, 0xcc, 0xcc, 0xcc, 0xf8,
	0xc0, 0xc0, 0xc0, 0x00, 0x07, 0x00, 0x00, 0x00, 0x00, 0x7c, 0xcc, 0xcc, 0xcc, 0xcc, 0xcc, 0x7c,
	0x0c, 0x0c, 0x0c, 0x00, 0x07, 0x00, 0x00, 0x00, 0x00, 0xd8, 0xec, 0xcc, 0xc0, 0xc0, 0xc0, 0xc0,
	0xc0, 0x00, 0x00, 0x00, 0x07, 0x00, 0x00, 0x00, 0x00, 0x78, 0xcc, 0xe0, 0x70, 0x38, 0x1c, 0xcc,
	0x78, 0x00, 0x00, 0x00, 0x07, 0x00, 0x00, 0x20, 0x60, 0x60, 0xf0, 0x60, 0x60, 0x60, 0x60, 0x6c,
	0x38, 0x00, 0x00, 0x00, 0x07, 0x00, 0x00, 0x00, 0x00, 0xd8, 0xd8, 0xd8, 0xd8, 0xd8, 0xd8, 0xd8,
	0x6c, 0x00, 0x00, 0x00, 0x07, 0x00, 0x00, 0x00, 0x00, 0xcc, 0xcc, 0xcc, 0xcc, 0xcc, 0xcc, 0x78,
	0x30, 0x00, 0x00, 0x00, 0x07, 0x00, 0x00, 0x00, 0x00, 0xcc, 0xcc, 0xcc, 0xcc, 0xb4, 0xfc, 0xcc,
	0x84, 0x00, 0x00, 0x00, 0x07, 0x00, 0x00, 0x00, 0x00, 0xcc, 0xcc, 0x78, 0x30, 0x78, 0xcc, 0xcc,
	0xcc, 0x00, 0x00, 0x00, 0x07, 0x00, 0x00, 0x00, 0x00, 0xcc, 0xcc, 0xcc, 0xcc, 0xcc, 0xcc, 0x7c,
	0x0c, 0x18, 0xf0, 0x00, 0x07, 0x00, 0x00, 0x00, 0x00, 0xfc, 0x8c, 0x18, 0x30, 0x60, 0xc0, 0xc4,
	0xfc, 0x00, 0x00, 0x00, 0x07, 0x00, 0x1c, 0x30, 0x30, 0x30, 0x30, 0x30, 0xe0, 0x30, 0x30, 0x30,
	0x30, 0x1c, 0x00, 0x00, 0x07, 0x00, 0x30, 0x30, 0x30, 0x30, 0x30, 0x00, 0x00, 0x30, 0x30, 0x30,
	0x30, 0x30, 0x00, 0x00, 0x07, 0x00, 0xe0, 0x30, 0x30, 0x30, 0x30, 0x30, 0x1c, 0x30, 0x30, 0x30,
	0x30, 0xe0, 0x00, 0x00, 0x07, 0x00, 0x00, 0x34, 0x58, 0x00, 0x00, 0x00, 0x00, 0x00, 0x00, 0x00,
	0x00, 0x00, 0x00, 0x00, 0x07, 0x00, 0x00, 0x00, 0x00, 0x00, 0x30, 0x78, 0xcc, 0xcc, 0xfc, 0x00,
	0x00, 0x00, 0x00, 0x00, 0x00,
}

// GetGSE7x15Bold returns the GSE 7x15 bold pixel bitmap font data
func GetGSE7x15Bold() []byte {
	return cloneFontData(GSE7x15Bold)
}

// GSE8x16 - gse8x16 font data
var GSE8x16 = []byte{
	0x10, 0x00, 0x20, 0x60, 0x00, 0x00, 0x11, 0x00, 0x22, 0x00, 0x33, 0x00, 0x44, 0x00, 0x55, 0x00,
	0x66, 0x00, 0x77, 0x00, 0x88, 0x00, 0x99, 0x00, 0xaa, 0x00, 0xbb, 0x00, 0xcc, 0x00, 0xdd, 0x00,
	0xee, 0x00, 0xff, 0x00, 0x10, 0x01, 0x21, 0x01, 0x32, 0x01, 0x43, 0x01, 0x54, 0x01, 0x65, 0x01,
	0x76, 0x01, 0x87, 0x01, 0x98, 0x01, 0xa9, 0x01, 0xba, 0x01, 0xcb, 0x01, 0xdc, 0x01, 0xed, 0x01,
	0xfe, 0x01, 0x0f, 0x02, 0x20, 0x02, 0x31, 0x02, 0x42, 0x02, 0x53, 0x02, 0x64, 0x02, 0x75, 0x02,
	0x86, 0x02, 0x97, 0x02, 0xa8, 0x02, 0xb9, 0x02, 0xca, 0x02, 0xdb, 0x02, 0xec, 0x02, 0xfd, 0x02,
	0x0e, 0x03, 0x1f, 0x03, 0x30, 0x03, 0x41, 0x03, 0x52, 0x03, 0x63, 0x03, 0x74, 0x03, 0x85, 0x03,
	0x96, 0x03, 0xa7, 0x03, 0xb8, 0x03, 0xc9, 0x03, 0xda, 0x03, 0xeb, 0x03, 0xfc, 0x03, 0x0d, 0x04,
	0x1e, 0x04, 0x2f, 0x04, 0x40, 0x04, 0x51, 0x04, 0x62, 0x04, 0x73, 0x04, 0x84, 0x04, 0x95, 0x04,
	0xa6, 0x04, 0xb7, 0x04, 0xc8, 0x04, 0xd9, 0x04, 0xea, 0x04, 0xfb, 0x04, 0x0c, 0x05, 0x1d, 0x05,
	0x2e, 0x05, 0x3f, 0x05, 0x50, 0x05, 0x61, 0x05, 0x72, 0x05, 0x83, 0x05, 0x94, 0x05, 0xa5, 0x05,
	0xb6, 0x05, 0xc7, 0x05, 0xd8, 0x05, 0xe9, 0x05, 0xfa, 0x05, 0x0b, 0x06, 0x1c, 0x06, 0x2d, 0x06,
	0x3e, 0x06, 0x4f, 0x06, 0x08, 0x00, 0x00, 0x00, 0x00, 0x00, 0x00, 0x00, 0x00, 0x00, 0x00, 0x00,
	0x00, 0x00, 0x00, 0x00, 0x00, 0x08, 0x00, 0x00, 0x10, 0x38, 0x38, 0x38, 0x38, 0x10, 0x10, 0x00,
	0x10, 0x10, 0x00, 0x00, 0x00, 0x00, 0x08, 0x00, 0x24, 0x24, 0x24, 0x24, 0x48, 0x00, 0x00, 0x00,
	0x00, 0x00, 0x00, 0x00, 0x00, 0x00, 0x00, 0x08, 0x00, 0x00, 0x24, 0x24, 0x24, 0x7e, 0x24, 0x24,
	0x7e, 0x24, 0x24, 0x24, 0x00, 0x00, 0x00, 0x00, 0x08, 0x00, 0x14, 0x14, 0x3e, 0x55, 0x54, 0x54,
	0x3e, 0x15, 0x15, 0x55, 0x3e, 0x14, 0x14, 0x00, 0x00, 0x08, 0x00, 0x00, 0x32, 0x56, 0x6c, 0x04,
	0x08, 0x08, 0x10, 0x13, 0x25, 0x26, 0x00, 0x00, 0x00, 0x00, 0x08, 0x00, 0x00, 0x18, 0x24, 0x24,
	0x24, 0x18, 0x28, 0x45, 0x46, 0x44, 0x3b, 0x00, 0x00, 0x00, 0x00, 0x08, 0x00, 0x00, 0x08, 0x08,
	0x08, 0x10, 0x00, 0x00, 0x00, 0x00, 0x00, 0x00, 0x00, 0x00, 0x00, 0x00, 0x08, 0x00, 0x04, 0x08,
	0x10, 0x10, 0x20, 0x20, 0x20, 0x20, 0x10, 0x10, 0x08, 0x04, 0x00, 0x00, 0x00, 0x08, 0x00, 0x10,
	0x08, 0x04, 0x04, 0x02, 0x02, 0x02, 0x02, 0x04, 0x04, 0x08, 0x10, 0x00, 0x00, 0x00, 0x08, 0x00,
	0x00, 0x00, 0x00, 0x66, 0x24, 0x18, 0xff, 0x18, 0x24, 0x66, 0x00, 0x00, 0x00, 0x00, 0x00, 0x08,
	0x00, 0x00, 0x00, 0x00, 0x08, 0x08, 0x08, 0x7f, 0x08, 0x08, 0x08, 0x00, 0x00, 0x00, 0x00, 0x00,
	0x08, 0x00, 0x00, 0x00, 0x00, 0x00, 0x00, 0x00, 0x00, 0x00, 0x00, 0x18, 0x18, 0x18, 0x30, 0x20,
	0x00, 0x08, 0x00, 0x00, 0x00, 0x00, 0x00, 0x00, 0x00, 0x7f, 0x00, 0x00, 0x00, 0x00, 0x00, 0x00,
	0x00, 0x00, 0x08, 0x00, 0x00, 0x00, 0x00, 0x00, 0x00, 0x00, 0x00, 0x00, 0x00, 0x18, 0x18, 0x00,
	0x00, 0x00, 0x00, 0x08, 0x00, 0x02, 0x02, 0x04, 0x04, 0x08, 0x08, 0x10, 0x10, 0x20, 0x20, 0x40,
	0x40, 0x00, 0x00, 0x00, 0x08, 0x00, 0x00, 0x3c, 0x42, 0x42, 0x46, 0x4a, 0x52, 0x62, 0x42, 0x42,
	0x3c, 0x00, 0x00, 0x00, 0x00, 0x08, 0x00, 0x00, 0x08, 0x08, 0x18, 0x38, 0x08, 0x08, 0x08, 0x08,
	0x08, 0x3e, 0x00, 0x00, 0x00, 0x00, 0x08, 0x00, 0x00, 0x3c, 0x42, 0x42, 0x02, 0x04, 0x08, 0x10,
	0x20, 0x42, 0x7e, 0x00, 0x00, 0x00, 0x00, 0x08, 0x00, 0x00, 0x7e, 0x42, 0x04, 0x08, 0x1c, 0x02,
	0x02, 0x02, 0x42, 0x3c, 0x00, 0x00, 0x00, 0x00, 0x08, 0x00, 0x00, 0x04, 0x08, 0x10, 0x24, 0x44,
	0x44, 0x7e, 0x04, 0x04, 0x0e, 0x00, 0x00, 0x00, 0x00, 0x08, 0x00, 0x00, 0x7e, 0x42, 0x40, 0x40,
	0x7c, 0x02, 0x02, 0x02, 0x42, 0x3c, 0x00, 0x00, 0x00, 0x00, 0x08, 0x00, 0x00, 0x1c, 0x20, 0x40,
	0x40, 0x7c, 0x42, 0x42, 0x42, 0x42, 0x3c, 0x00, 0x00, 0x00, 0x00, 0x08, 0x00, 0x00, 0x7e, 0x42,
	0x42, 0x02, 0x04, 0x08, 0x10, 0x10, 0x10, 0x10, 0x00, 0x00, 0x00, 0x00, 0x08, 0x00, 0x00, 0x3c,
	0x42, 0x42, 0x42, 0x3c, 0x42, 0x42, 0x42, 0x42, 0x3c, 0x00, 0x00, 0x00, 0x00, 0x08, 0x00, 0x00,
	0x3c, 0x42, 0x42, 0x42, 0x42, 0x3e, 0x02, 0x02, 0x04, 0x38, 0x00, 0x00, 0x00, 0x00, 0x08, 0x00,
	0x00, 0x00, 0x00, 0x18, 0x00, 0x00, 0x00, 0x00, 0x18, 0x00, 0x00, 0x00, 0x00, 0x00, 0x00, 0x08,
	0x00, 0x00, 0x00, 0x00, 0x30, 0x00, 0x00, 0x00, 0x00, 0x00, 0x30, 0x30, 0x30, 0x60, 0x40, 0x00,
	0x08, 0x00, 0x00, 0x00, 0x02, 0x04, 0x08, 0x10, 0x20, 0x10, 0x08, 0x04, 0x02, 0x00, 0x00, 0x00,
	0x00, 0x08, 0x00, 0x00, 0x00, 0x00, 0x00, 0x00, 0x7f, 0x00, 0x7f, 0x00, 0x00, 0x00, 0x00, 0x00,
	0x00, 0x00, 0x08, 0x00, 0x00, 0x00, 0x20, 0x10, 0x08, 0x04, 0x02, 0x04, 0x08, 0x10, 0x20, 0x00,
	0x00, 0x00, 0x00, 0x08, 0x00, 0x00, 0x3c, 0x42, 0x42, 0x42, 0x04, 0x08, 0x08, 0x00, 0x08, 0x08,
	0x00, 0x00, 0x00, 0x00, 0x08, 0x00, 0x00, 0x3c, 0x42, 0x01, 0x39, 0x49, 0x49, 0x49, 0x49, 0x49,
	0x36, 0x00, 0x00, 0x00, 0x00, 0x08, 0x00, 0x00, 0x18, 0x24, 0x42, 0x42, 0x42, 0x7e, 0x42, 0x42,
	0x42, 0x42, 0x00, 0x00, 0x00, 0x00, 0x08, 0x00, 0x00, 0x7c, 0x22, 0x22, 0x22, 0x3c, 0x22, 0x22,
	0x22, 0x22, 0x7c, 0x00, 0x00, 0x00, 0x00, 0x08, 0x00, 0x00, 0x3c, 0x42, 0x42, 0x40, 0x40, 0x40,
	0x40, 0x42, 0x42, 0x3c, 0x00, 0x00, 0x00, 0x00, 0x08, 0x00, 0x00, 0x7c, 0x22, 0x22, 0x22, 0x22,
	0x22, 0x22, 0x22, 0x22, 0x7c, 0x00, 0x00, 0x00, 0x00, 0x08, 0x00, 0x00, 0x7e, 0x22, 0x20, 0x28,
	0x38, 0x28, 0x20, 0x20, 0x22, 0x7e, 0x00, 0x00, 0x00, 0x00, 0x08, 0x00, 0x00, 0x7e, 0x22, 0x20,
	0x28, 0x38, 0x28, 0x20, 0x20, 0x20, 0x70, 0x00, 0x00, 0x00, 0x00, 0x08, 0x00, 0x00, 0x3c, 0x42,
	0x42, 0x40, 0x40, 0x4e, 0x42, 0x42, 0x42, 0x3c, 0x00, 0x00, 0x00, 0x00, 0x08, 0x00, 0x00, 0x42,
	0x42, 0x42, 0x42, 0x7e, 0x42, 0x42, 0x42, 0x42, 0x42, 0x00, 0x00, 0x00, 0x00, 0x08, 0x00, 0x00,
	0x1c, 0x08, 0x08, 0x08, 0x08, 0x08, 0x08, 0x08, 0x08, 0x1c, 0x00, 0x00, 0x00, 0x00, 0x08, 0x00,
	0x00, 0x0e, 0x04, 0x04, 0x04, 0x04, 0x04, 0x04, 0x44, 0x44, 0x38, 0x00, 0x00, 0x00, 0x00, 0x08,
	0x00, 0x00, 0x62, 0x22, 0x24, 0x28, 0x30, 0x28, 0x24, 0x22, 0x22, 0x62, 0x00, 0x00, 0x00, 0x00,
	0x08, 0x00, 0x00, 0x70, 0x20, 0x20, 0x20, 0x20, 0x20, 0x20, 0x20, 0x22, 0x7e, 0x00, 0x00, 0x00,
	0x00, 0x08, 0x00, 0x00, 0x41, 0x63, 0x55, 0x49, 0x41, 0x41, 0x41, 0x41, 0x41, 0x41, 0x00, 0x00,
	0x00, 0x00, 0x08, 0x00, 0x00, 0x42, 0x42, 0x62, 0x52, 0x4a, 0x46, 0x42, 0x42, 0x42, 0x42, 0x00,
	0x00, 0x00, 0x00, 0x08, 0x00, 0x00, 0x3c, 0x42, 0x42, 0x42, 0x42, 0x42, 0x42, 0x42, 0x42, 0x3c,
	0x00, 0x00, 0x00, 0x00, 0x08, 0x00, 0x00, 0x7c, 0x22, 0x22, 0x22, 0x22, 0x3c, 0x20, 0x20, 0x20,
	0x70, 0x00, 0x00, 0x00, 0x00, 0x08, 0x00, 0x00, 0x3c, 0x42, 0x42, 0x42, 0x42, 0x42, 0x42, 0x4a,
	0x44, 0x3a, 0x02, 0x00, 0x00, 0x00, 0x08, 0x00, 0x00, 0x7c, 0x22, 0x22, 0x22, 0x22, 0x3c, 0x28,
	0x24, 0x22, 0x62, 0x00, 0x00, 0x00, 0x00, 0x08, 0x00, 0x00, 0x3c, 0x42, 0x42, 0x40, 0x30, 0x0c,
	0x02, 0x42, 0x42, 0x3c, 0x00, 0x00, 0x00, 0x00, 0x08, 0x00, 0x00, 0x7f, 0x49, 0x08, 0x08, 0x08,
	0x08, 0x08, 0x08, 0x08, 0x1c, 0x00, 0x00, 0x00, 0x00, 0x08, 0x00, 0x00, 0x42, 0x42, 0x42, 0x42,
	0x42, 0x42, 0x42, 0x42, 0x42, 0x3c, 0x00, 0x00, 0x00, 0x00, 0x08, 0x00, 0x00, 0x41, 0x41, 0x41,
	0x41, 0x22, 0x22, 0x14, 0x14, 0x08, 0x08, 0x00, 0x00, 0x00, 0x00, 0x08, 0x00, 0x00, 0x41, 0x41,
	0x41, 0x41, 0x41, 0x49, 0x49, 0x55, 0x63, 0x41, 0x00, 0x00, 0x00, 0x00, 0x08, 0x00, 0x00, 0x42,
	0x42, 0x42, 0x24, 0x18, 0x18, 0x24, 0x42, 0x42, 0x42, 0x00, 0x00, 0x00, 0x00, 0x08, 0x00, 0x00,
	0x22, 0x22, 0x22, 0x22, 0x14, 0x08, 0x08, 0x08, 0x08, 0x1c, 0x00, 0x00, 0x00, 0x00, 0x08, 0x00,
	0x00, 0x7e, 0x42, 0x02, 0x04, 0x08, 0x10, 0x20, 0x40, 0x42, 0x7e, 0x00, 0x00, 0x00, 0x00, 0x08,
	0x00, 0x1e, 0x10, 0x10, 0x10, 0x10, 0x10, 0x10, 0x10, 0x10, 0x10, 0x10, 0x1e, 0x00, 0x00, 0x00,
	0x08, 0x00, 0x40, 0x40, 0x20, 0x20, 0x10, 0x10, 0x08, 0x08, 0x04, 0x04, 0x02, 0x02, 0x00, 0x00,
	0x00, 0x08, 0x00, 0x3c, 0x04, 0x04, 0x04, 0x04, 0x04, 0x04, 0x04, 0x04, 0x04, 0x04, 0x3c, 0x00,
	0x00, 0x00, 0x08, 0x00, 0x00, 0x08, 0x14, 0x22, 0x41, 0x00, 0x00, 0x00, 0x00, 0x00, 0x00, 0x00,
	0x00, 0x00, 0x00, 0x08, 0x00, 0x00, 0x00, 0x00, 0x00, 0x00, 0x00, 0x00, 0x00, 0x00, 0x00, 0xff,
	0x00, 0x00, 0x00, 0x00, 0x08, 0x00, 0x00, 0x08, 0x08, 0x08, 0x04, 0x00, 0x00, 0x00, 0x00, 0x00,
	0x00, 0x00, 0x00, 0x00, 0x00, 0x08, 0x00, 0x00, 0x00, 0x00, 0x00, 0x38, 0x44, 0x04, 0x3c, 0x44,
	0x44, 0x3e, 0x00, 0x00, 0x00, 0x00, 0x08, 0x00, 0x00, 0x60, 0x20, 0x20, 0x38, 0x24, 0x22, 0x22,
	0x22, 0x22, 0x3c, 0x00, 0x00, 0x00, 0x00, 0x08, 0x00, 0x00, 0x00, 0x00, 0x00, 0x3c, 0x42, 0x40,
	0x40, 0x40, 0x42, 0x3c, 0x00, 0x00, 0x00, 0x00, 0x08, 0x00, 0x00, 0x0c, 0x04, 0x04, 0x1c, 0x24,
	0x44, 0x44, 0x44, 0x44, 0x3e, 0x00, 0x00, 0x00, 0x00, 0x08, 0x00, 0x00, 0x00, 0x00, 0x00, 0x3c,
	0x42, 0x42, 0x7e, 0x40, 0x42, 0x3c, 0x00, 0x00, 0x00, 0x00, 0x08, 0x00, 0x00, 0x0c, 0x12, 0x10,
	0x10, 0x38, 0x10, 0x10, 0x10, 0x10, 0x38, 0x00, 0x00, 0x00, 0x00, 0x08, 0x00, 0x00, 0x00, 0x00,
	0x00, 0x3e, 0x44, 0x44, 0x44, 0x44, 0x44, 0x3c, 0x04, 0x44, 0x38, 0x00, 0x08, 0x00, 0x00, 0x60,
	0x20, 0x20, 0x2c, 0x32, 0x22, 0x22, 0x22, 0x22, 0x62, 0x00, 0x00, 0x00, 0x00, 0x08, 0x00, 0x00,
	0x08, 0x08, 0x00, 0x18, 0x08, 0x08, 0x08, 0x08, 0x08, 0x1c, 0x00, 0x00, 0x00, 0x00, 0x08, 0x00,
	0x00, 0x04, 0x04, 0x00, 0x0c, 0x04, 0x04, 0x04, 0x04, 0x04, 0x44, 0x44, 0x38, 0x00, 0x00, 0x08,
	0x00, 0x00, 0x60, 0x20, 0x20, 0x22, 0x24, 0x28, 0x38, 0x24, 0x22, 0x62, 0x00, 0x00, 0x00, 0x00,
	0x08, 0x00, 0x00, 0x18, 0x08, 0x08, 0x08, 0x08, 0x08, 0x08, 0x08, 0x08, 0x1c, 0x00, 0x00, 0x00,
	0x00, 0x08, 0x00, 0x00, 0x00, 0x00, 0x00, 0x76, 0x49, 0x49, 0x49, 0x49, 0x41, 0x41, 0x00, 0x00,
	0x00, 0x00, 0x08, 0x00, 0x00, 0x00, 0x00, 0x00, 0x5c, 0x22, 0x22, 0x22, 0x22, 0x22, 0x22, 0x00,
	0x00, 0x00, 0x00, 0x08, 0x00, 0x00, 0x00, 0x00, 0x00, 0x3c, 0x42, 0x42, 0x42, 0x42, 0x42, 0x3c,
	0x00, 0x00, 0x00, 0x00, 0x08, 0x00, 0x00, 0x00, 0x00, 0x00, 0x7c, 0x22, 0x22, 0x22, 0x22, 0x22,
	0x3c, 0x20, 0x20, 0x70, 0x00, 0x08, 0x00, 0x00, 0x00, 0x00, 0x00, 0x3e, 0x44, 0x44, 0x44, 0x44,
	0x44, 0x3c, 0x04, 0x04, 0x0e, 0x00, 0x08, 0x00, 0x00, 0x00, 0x00, 0x00, 0x7c, 0x22, 0x22, 0x20,
	0x20, 0x20, 0x70, 0x00, 0x00, 0x00, 0x00, 0x08, 0x00, 0x00, 0x00, 0x00, 0x00, 0x3c, 0x42, 0x40,
	0x3c, 0x02, 0x42, 0x3c, 0x00, 0x00, 0x00, 0x00, 0x08, 0x00, 0x00, 0x10, 0x10, 0x10, 0x7c, 0x10,
	0x10, 0x10, 0x10, 0x12, 0x0c, 0x00, 0x00, 0x00, 0x00, 0x08, 0x00, 0x00, 0x00, 0x00, 0x00, 0x44,
	0x44, 0x44, 0x44, 0x44, 0x44, 0x3e, 0x00, 0x00, 0x00, 0x00, 0x08, 0x00, 0x00, 0x00, 0x00, 0x00,
	0x41, 0x41, 0x41, 0x41, 0x22, 0x14, 0x08, 0x00, 0x00, 0x00, 0x00, 0x08, 0x00, 0x00, 0x00, 0x00,
	0x00, 0x41, 0x41, 0x41, 0x49, 0x49, 0x55, 0x22, 0x00, 0x00, 0x00, 0x00, 0x08, 0x00, 0x00, 0x00,
	0x00, 0x00, 0x42, 0x42, 0x24, 0x18, 0x24, 0x42, 0x42, 0x00, 0x00, 0x00, 0x00, 0x08, 0x00, 0x00,
	0x00, 0x00, 0x00, 0x42, 0x42, 0x42, 0x42, 0x42, 0x42, 0x3e, 0x02, 0x04, 0x78, 0x00, 0x08, 0x00,
	0x00, 0x00, 0x00, 0x00, 0x7e, 0x44, 0x08, 0x10, 0x20, 0x42, 0x7e, 0x00, 0x00, 0x00, 0x00, 0x08,
	0x00, 0x06, 0x08, 0x08, 0x08, 0x08, 0x08, 0x30, 0x08, 0x08, 0x08, 0x08, 0x08, 0x06, 0x00, 0x00,
	0x08, 0x00, 0x00, 0x08, 0x08, 0x08, 0x08, 0x08, 0x00, 0x08, 0x08, 0x08, 0x08, 0x08, 0x00, 0x00,
	0x00, 0x08, 0x00, 0x30, 0x08, 0x08, 0x08, 0x08, 0x08, 0x06, 0x08, 0x08, 0x08, 0x08, 0x08, 0x30,
	0x00, 0x00, 0x08, 0x00, 0x00, 0x39, 0x4e, 0x00, 0x00, 0x00, 0x00, 0x00, 0x00, 0x00, 0x00, 0x00,
	0x00, 0x00, 0x00, 0x08, 0x00, 0x00, 0x00, 0x00, 0x00, 0x08, 0x14, 0x22, 0x41, 0x41, 0x7f, 0x00,
	0x00, 0x00, 0x00, 0x00, 0x00,
}

// GetGSE8x16 returns the GSE 8x16 pixel bitmap font data
func GetGSE8x16() []byte {
	return cloneFontData(GSE8x16)
}

// GSE8x16Bold - gse8x16_bold font data
var GSE8x16Bold = []byte{
	0x10, 0x00, 0x20, 0x60, 0x00, 0x00, 0x11, 0x00, 0x22, 0x00, 0x33, 0x00, 0x44, 0x00, 0x55, 0x00,
	0x66, 0x00, 0x77, 0x00, 0x88, 0x00, 0x99, 0x00, 0xaa, 0x00, 0xbb, 0x00, 0xcc, 0x00, 0xdd, 0x00,
	0xee, 0x00, 0xff, 0x00, 0x10, 0x01, 0x21, 0x01, 0x32, 0x01, 0x43, 0x01, 0x54, 0x01, 0x65, 0x01,
	0x76, 0x01, 0x87, 0x01, 0x98, 0x01, 0xa9, 0x01, 0xba, 0x01, 0xcb, 0x01, 0xdc, 0x01, 0xed, 0x01,
	0xfe, 0x01, 0x0f, 0x02, 0x20, 0x02, 0x31, 0x02, 0x42, 0x02, 0x53, 0x02, 0x64, 0x02, 0x75, 0x02,
	0x86, 0x02, 0x97, 0x02, 0xa8, 0x02, 0xb9, 0x02, 0xca, 0x02, 0xdb, 0x02, 0xec, 0x02, 0xfd, 0x02,
	0x0e, 0x03, 0x1f, 0x03, 0x30, 0x03, 0x41, 0x03, 0x52, 0x03, 0x63, 0x03, 0x74, 0x03, 0x85, 0x03,
	0x96, 0x03, 0xa7, 0x03, 0xb8, 0x03, 0xc9, 0x03, 0xda, 0x03, 0xeb, 0x03, 0xfc, 0x03, 0x0d, 0x04,
	0x1e, 0x04, 0x2f, 0x04, 0x40, 0x04, 0x51, 0x04, 0x62, 0x04, 0x73, 0x04, 0x84, 0x04, 0x95, 0x04,
	0xa6, 0x04, 0xb7, 0x04, 0xc8, 0x04, 0xd9, 0x04, 0xea, 0x04, 0xfb, 0x04, 0x0c, 0x05, 0x1d, 0x05,
	0x2e, 0x05, 0x3f, 0x05, 0x50, 0x05, 0x61, 0x05, 0x72, 0x05, 0x83, 0x05, 0x94, 0x05, 0xa5, 0x05,
	0xb6, 0x05, 0xc7, 0x05, 0xd8, 0x05, 0xe9, 0x05, 0xfa, 0x05, 0x0b, 0x06, 0x1c, 0x06, 0x2d, 0x06,
	0x3e, 0x06, 0x4f, 0x06, 0x08, 0x00, 0x00, 0x00, 0x00, 0x00, 0x00, 0x00, 0x00, 0x00, 0x00, 0x00,
	0x00, 0x00, 0x00, 0x00, 0x00, 0x08, 0x00, 0x00, 0x18, 0x3c, 0x3c, 0x3c, 0x3c, 0x18, 0x18, 0x00,
	0x18, 0x18, 0x00, 0x00, 0x00, 0x00, 0x08, 0x00, 0x66, 0x66, 0x66, 0x66, 0x24, 0x00, 0x00, 0x00,
	0x00, 0x00, 0x00, 0x00, 0x00, 0x00, 0x00, 0x08, 0x00, 0x00, 0x66, 0x66, 0x66, 0xff, 0x66, 0x66,
	0xff, 0x66, 0x66, 0x66, 0x00, 0x00, 0x00, 0x00, 0x08, 0x00, 0x08, 0x08, 0x3e, 0x6b, 0x6b, 0x68,
	0x3e, 0x0b, 0x6b, 0x6b, 0x3e, 0x08, 0x08, 0x00, 0x00, 0x08, 0x00, 0x00, 0x66, 0xbe, 0xcc, 0x0c,
	0x18, 0x18, 0x30, 0x33, 0x65, 0x66, 0x00, 0x00, 0x00, 0x00, 0x08, 0x00, 0x00, 0x1c, 0x36, 0x36,
	0x36, 0x1c, 0x3b, 0x6e, 0x66, 0x66, 0x3b, 0x00, 0x00, 0x00, 0x00, 0x08, 0x00, 0x00, 0x18, 0x18,
	0x18, 0x30, 0x00, 0x00, 0x00, 0x00, 0x00, 0x00, 0x00, 0x00, 0x00, 0x00, 0x08, 0x00, 0x06, 0x0c,
	0x18, 0x18, 0x30, 0x30, 0x30, 0x30, 0x18, 0x18, 0x0c, 0x06, 0x00, 0x00, 0x00, 0x08, 0x00, 0x30,
	0x18, 0x0c, 0x0c, 0x06, 0x06, 0x06, 0x06, 0x0c, 0x0c, 0x18, 0x30, 0x00, 0x00, 0x00, 0x08, 0x00,
	0x00, 0x00, 0x00, 0x66, 0x24, 0x18, 0xff, 0x18, 0x24, 0x66, 0x00, 0x00, 0x00, 0x00, 0x00, 0x08,
	0x00, 0x00, 0x00, 0x00, 0x18, 0x18, 0x18, 0xff, 0x18, 0x18, 0x18, 0x00, 0x00, 0x00, 0x00, 0x00,
	0x08, 0x00, 0x00, 0x00, 0x00, 0x00, 0x00, 0x00, 0x00, 0x00, 0x00, 0x18, 0x18, 0x18, 0x30, 0x20,
	0x00, 0x08, 0x00, 0x00, 0x00, 0x00, 0x00, 0x00, 0x00, 0x7f, 0x00, 0x00, 0x00, 0x00, 0x00, 0x00,
	0x00, 0x00, 0x08, 0x00, 0x00, 0x00, 0x00, 0x00, 0x00, 0x00, 0x00, 0x00, 0x00, 0x18, 0x18, 0x00,
	0x00, 0x00, 0x00, 0x08, 0x00, 0x03, 0x03, 0x06, 0x06, 0x0c, 0x0c, 0x18, 0x18, 0x30, 0x30, 0x60,
	0x60, 0x00, 0x00, 0x00, 0x08, 0x00, 0x00, 0x3e, 0x63, 0x63, 0x67, 0x6b, 0x73, 0x63, 0x63, 0x63,
	0x3e, 0x00, 0x00, 0x00, 0x00, 0x08, 0x00, 0x00, 0x0c, 0x0c, 0x1c, 0x3c, 0x0c, 0x0c, 0x0c, 0x0c,
	0x0c, 0x3f, 0x00, 0x00, 0x00, 0x00, 0x08, 0x00, 0x00, 0x3e, 0x63, 0x63, 0x03, 0x06, 0x0c, 0x18,
	0x30, 0x61, 0x7f, 0x00, 0x00, 0x00, 0x00, 0x08, 0x00, 0x00, 0x7f, 0x43, 0x06, 0x0c, 0x1e, 0x03,
	0x03, 0x03, 0x63, 0x3e, 0x00, 0x00, 0x00, 0x00, 0x08, 0x00, 0x00, 0x06, 0x0c, 0x18, 0x32, 0x66,
	0x66, 0x7f, 0x06, 0x06, 0x0f, 0x00, 0x00, 0x00, 0x00, 0x08, 0x00, 0x00, 0x7f, 0x61, 0x60, 0x60,
	0x7e, 0x03, 0x03, 0x03, 0x63, 0x3e, 0x00, 0x00, 0x00, 0x00, 0x08, 0x00, 0x00, 0x1e, 0x30, 0x60,
	0x60, 0x7e, 0x63, 0x63, 0x63, 0x63, 0x3e, 0x00, 0x00, 0x00, 0x00, 0x08, 0x00, 0x00, 0x7f, 0x63,
	0x63, 0x03, 0x06, 0x0c, 0x18, 0x18, 0x18, 0x18, 0x00, 0x00, 0x00, 0x00, 0x08, 0x00, 0x00, 0x3e,
	0x63, 0x63, 0x63, 0x3e, 0x63, 0x63, 0x63, 0x63, 0x3e, 0x00, 0x00, 0x00, 0x00, 0x08, 0x00, 0x00,
	0x3e, 0x63, 0x63, 0x63, 0x63, 0x3f, 0x03, 0x03, 0x06, 0x3c, 0x00, 0x00, 0x00, 0x00, 0x08, 0x00,
	0x00, 0x00, 0x00, 0x18, 0x18, 0x00, 0x00, 0x00, 0x18, 0x18, 0x00, 0x00, 0x00, 0x00, 0x00, 0x08,
	0x00, 0x00, 0x00, 0x00, 0x30, 0x30, 0x00, 0x00, 0x00, 0x00, 0x30, 0x30, 0x30, 0x60, 0x40, 0x00,
	0x08, 0x00, 0x00, 0x00, 0x06, 0x0c, 0x18, 0x30, 0x60, 0x30, 0x18, 0x0c, 0x06, 0x00, 0x00, 0x00,
	0x00, 0x08, 0x00, 0x00, 0x00, 0x00, 0x00, 0x00, 0x7f, 0x00, 0x7f, 0x00, 0x00, 0x00, 0x00, 0x00,
	0x00, 0x00, 0x08, 0x00, 0x00, 0x00, 0x30, 0x18, 0x0c, 0x06, 0x03, 0x06, 0x0c, 0x18, 0x30, 0x00,
	0x00, 0x00, 0x00, 0x08, 0x00, 0x00, 0x3e, 0x63, 0x63, 0x63, 0x06, 0x0c, 0x0c, 0x00, 0x0c, 0x0c,
	0x00, 0x00, 0x00, 0x00, 0x08, 0x00, 0x00, 0x7c, 0x86, 0x03, 0x73, 0xdb, 0xdb, 0xdb, 0xdb, 0xdb,
	0x6e, 0x00, 0x00, 0x00, 0x00, 0x08, 0x00, 0x00, 0x08, 0x1c, 0x36, 0x63, 0x63, 0x63, 0x7f, 0x63,
	0x63, 0x63, 0x00, 0x00, 0x00, 0x00, 0x08, 0x00, 0x00, 0x7e, 0x33, 0x33, 0x33, 0x3e, 0x33, 0x33,
	0x33, 0x33, 0x7e, 0x00, 0x00, 0x00, 0x00, 0x08, 0x00, 0x00, 0x1e, 0x33, 0x61, 0x60, 0x60, 0x60,
	0x60, 0x61, 0x33, 0x1e, 0x00, 0x00, 0x00, 0x00, 0x08, 0x00, 0x00, 0x7c, 0x36, 0x33, 0x33, 0x33,
	0x33, 0x33, 0x33, 0x36, 0x7c, 0x00, 0x00, 0x00, 0x00, 0x08, 0x00, 0x00, 0x7f, 0x33, 0x31, 0x34,
	0x3c, 0x34, 0x30, 0x31, 0x33, 0x7f, 0x00, 0x00, 0x00, 0x00, 0x08, 0x00, 0x00, 0x7f, 0x33, 0x31,
	0x34, 0x3c, 0x34, 0x30, 0x30, 0x30, 0x78, 0x00, 0x00, 0x00, 0x00, 0x08, 0x00, 0x00, 0x1f, 0x33,
	0x61, 0x60, 0x60, 0x6f, 0x63, 0x63, 0x33, 0x1e, 0x00, 0x00, 0x00, 0x00, 0x08, 0x00, 0x00, 0x63,
	0x63, 0x63, 0x63, 0x7f, 0x63, 0x63, 0x63, 0x63, 0x63, 0x00, 0x00, 0x00, 0x00, 0x08, 0x00, 0x00,
	0x1e, 0x0c, 0x0c, 0x0c, 0x0c, 0x0c, 0x0c, 0x0c, 0x0c, 0x1e, 0x00, 0x00, 0x00, 0x00, 0x08, 0x00,
	0x00, 0x0f, 0x06, 0x06, 0x06, 0x06, 0x06, 0x06, 0x66, 0x66, 0x3c, 0x00, 0x00, 0x00, 0x00, 0x08,
	0x00, 0x00, 0x73, 0x33, 0x36, 0x36, 0x3c, 0x36, 0x36, 0x33, 0x33, 0x73, 0x00, 0x00, 0x00, 0x00,
	0x08, 0x00, 0x00, 0x78, 0x30, 0x30, 0x30, 0x30, 0x30, 0x30, 0x31, 0x33, 0x7f, 0x00, 0x00, 0x00,
	0x00, 0x08, 0x00, 0x00, 0x63, 0x63, 0x77, 0x77, 0x7f, 0x6b, 0x6b, 0x63, 0x63, 0x63, 0x00, 0x00,
	0x00, 0x00, 0x08, 0x00, 0x00, 0x63, 0x63, 0x73, 0x7b, 0x6f, 0x67, 0x63, 0x63, 0x63, 0x63, 0x00,
	0x00, 0x00, 0x00, 0x08, 0x00, 0x00, 0x1c, 0x36, 0x63, 0x63, 0x63, 0x63, 0x63, 0x63, 0x36, 0x1c,
	0x00, 0x00, 0x00, 0x00, 0x08, 0x00, 0x00, 0x7e, 0x33, 0x33, 0x33, 0x33, 0x3e, 0x30, 0x30, 0x30,
	0x78, 0x00, 0x00, 0x00, 0x00, 0x08, 0x00, 0x00, 0x1c, 0x36, 0x63, 0x63, 0x63, 0x63, 0x63, 0x6f,
	0x36, 0x1e, 0x03, 0x00, 0x00, 0x00, 0x08, 0x00, 0x00, 0x7e, 0x33, 0x33, 0x33, 0x33, 0x3e, 0x36,
	0x33, 0x33, 0x73, 0x00, 0x00, 0x00, 0x00, 0x08, 0x00, 0x00, 0x3e, 0x63, 0x63, 0x30, 0x18, 0x0c,
	0x06, 0x63, 0x63, 0x3e, 0x00, 0x00, 0x00, 0x00, 0x08, 0x00, 0x00, 0x3f, 0x3f, 0x2d, 0x0c, 0x0c,
	0x0c, 0x0c, 0x0c, 0x0c, 0x1e, 0x00, 0x00, 0x00, 0x00, 0x08, 0x00, 0x00, 0x63, 0x63, 0x63, 0x63,
	0x63, 0x63, 0x63, 0x63, 0x63, 0x3e, 0x00, 0x00, 0x00, 0x00, 0x08, 0x00, 0x00, 0x63, 0x63, 0x63,
	0x63, 0x63, 0x63, 0x63, 0x36, 0x1c, 0x08, 0x00, 0x00, 0x00, 0x00, 0x08, 0x00, 0x00, 0x63, 0x63,
	0x63, 0x6b, 0x6b, 0x7f, 0x77, 0x77, 0x63, 0x63, 0x00, 0x00, 0x00, 0x00, 0x08, 0x00, 0x00, 0x63,
	0x63, 0x63, 0x36, 0x1c, 0x1c, 0x36, 0x63, 0x63, 0x63, 0x00, 0x00, 0x00, 0x00, 0x08, 0x00, 0x00,
	0x33, 0x33, 0x33, 0x33, 0x1e, 0x0c, 0x0c, 0x0c, 0x0c, 0x1e, 0x00, 0x00, 0x00, 0x00, 0x08, 0x00,
	0x00, 0x7f, 0x63, 0x43, 0x06, 0x0c, 0x18, 0x30, 0x61, 0x63, 0x7f, 0x00, 0x00, 0x00, 0x00, 0x08,
	0x00, 0x1f, 0x18, 0x18, 0x18, 0x18, 0x18, 0x18, 0x18, 0x18, 0x18, 0x18, 0x1f, 0x00, 0x00, 0x00,
	0x08, 0x00, 0x60, 0x60, 0x30, 0x30, 0x18, 0x18, 0x0c, 0x0c, 0x06, 0x06, 0x03, 0x03, 0x00, 0x00,
	0x00, 0x08, 0x00, 0x7c, 0x0c, 0x0c, 0x0c, 0x0c, 0x0c, 0x0c, 0x0c, 0x0c, 0x0c, 0x0c, 0x7c, 0x00,
	0x00, 0x00, 0x08, 0x00, 0x00, 0x08, 0x1c, 0x36, 0x63, 0x00, 0x00, 0x00, 0x00, 0x00, 0x00, 0x00,
	0x00, 0x00, 0x00, 0x08, 0x00, 0x00, 0x00, 0x00, 0x00, 0x00, 0x00, 0x00, 0x00, 0x00, 0x00, 0xff,
	0x00, 0x00, 0x00, 0x00, 0x08, 0x00, 0x00, 0x18, 0x18, 0x18, 0x0c, 0x00, 0x00, 0x00, 0x00, 0x00,
	0x00, 0x00, 0x00, 0x00, 0x00, 0x08, 0x00, 0x00, 0x00, 0x00, 0x00, 0x3c, 0x66, 0x06, 0x3e, 0x66,
	0x66, 0x3b, 0x00, 0x00, 0x00, 0x00, 0x08, 0x00, 0x00, 0x70, 0x30, 0x30, 0x3c, 0x36, 0x33, 0x33,
	0x33, 0x33, 0x3e, 0x00, 0x00, 0x00, 0x00, 0x08, 0x00, 0x00, 0x00, 0x00, 0x00, 0x3e, 0x63, 0x63,
	0x60, 0x60, 0x63, 0x3e, 0x00, 0x00, 0x00, 0x00, 0x08, 0x00, 0x00, 0x0e, 0x06, 0x06, 0x1e, 0x36,
	0x66, 0x66, 0x66, 0x66, 0x3b, 0x00, 0x00, 0x00, 0x00, 0x08, 0x00, 0x00, 0x00, 0x00, 0x00, 0x3e,
	0x63, 0x63, 0x7f, 0x60, 0x63, 0x3e, 0x00, 0x00, 0x00, 0x00, 0x08, 0x00, 0x00, 0x0e, 0x1b, 0x1b,
	0x18, 0x3c, 0x18, 0x18, 0x18, 0x18, 0x3c, 0x00, 0x00, 0x00, 0x00, 0x08, 0x00, 0x00, 0x00, 0x00,
	0x00, 0x3b, 0x66, 0x66, 0x66, 0x66, 0x66, 0x3e, 0x06, 0x66, 0x3c, 0x00, 0x08, 0x00, 0x00, 0x70,
	0x30, 0x30, 0x36, 0x3b, 0x33, 0x33, 0x33, 0x33, 0x73, 0x00, 0x00, 0x00, 0x00, 0x08, 0x00, 0x00,
	0x0c, 0x0c, 0x00, 0x1c, 0x0c, 0x0c, 0x0c, 0x0c, 0x0c, 0x1e, 0x00, 0x00, 0x00, 0x00, 0x08, 0x00,
	0x00, 0x06, 0x06, 0x00, 0x0e, 0x06, 0x06, 0x06, 0x06, 0x06, 0x66, 0x66, 0x3c, 0x00, 0x00, 0x08,
	0x00, 0x00, 0x70, 0x30, 0x30, 0x33, 0x33, 0x36, 0x3c, 0x36, 0x33, 0x73, 0x00, 0x00, 0x00, 0x00,
	0x08, 0x00, 0x00, 0x1c, 0x0c, 0x0c, 0x0c, 0x0c, 0x0c, 0x0c, 0x0c, 0x0c, 0x1e, 0x00, 0x00, 0x00,
	0x00, 0x08, 0x00, 0x00, 0x00, 0x00, 0x00, 0x76, 0x7f, 0x6b, 0x6b, 0x6b, 0x63, 0x63, 0x00, 0x00,
	0x00, 0x00, 0x08, 0x00, 0x00, 0x00, 0x00, 0x00, 0x6e, 0x33, 0x33, 0x33, 0x33, 0x33, 0x33, 0x00,
	0x00, 0x00, 0x00, 0x08, 0x00, 0x00, 0x00, 0x00, 0x00, 0x3e, 0x63, 0x63, 0x63, 0x63, 0x63, 0x3e,
	0x00, 0x00, 0x00, 0x00, 0x08, 0x00, 0x00, 0x00, 0x00, 0x00, 0x6e, 0x33, 0x33, 0x33, 0x33, 0x33,
	0x3e, 0x30, 0x30, 0x78, 0x00, 0x08, 0x00, 0x00, 0x00, 0x00, 0x00, 0x3b, 0x66, 0x66, 0x66, 0x66,
	0x66, 0x3e, 0x06, 0x06, 0x0f, 0x00, 0x08, 0x00, 0x00, 0x00, 0x00, 0x00, 0x6e, 0x3b, 0x33, 0x30,
	0x30, 0x30, 0x78, 0x00, 0x00, 0x00, 0x00, 0x08, 0x00, 0x00, 0x00, 0x00, 0x00, 0x3e, 0x63, 0x60,
	0x3e, 0x03, 0x63, 0x3e, 0x00, 0x00, 0x00, 0x00, 0x08, 0x00, 0x00, 0x08, 0x18, 0x18, 0x7e, 0x18,
	0x18, 0x18, 0x18, 0x1b, 0x0e, 0x00, 0x00, 0x00, 0x00, 0x08, 0x00, 0x00, 0x00, 0x00, 0x00, 0x66,
	0x66, 0x66, 0x66, 0x66, 0x66, 0x3b, 0x00, 0x00, 0x00, 0x00, 0x08, 0x00, 0x00, 0x00, 0x00, 0x00,
	0x63, 0x63, 0x63, 0x63, 0x36, 0x1c, 0x08, 0x00, 0x00, 0x00, 0x00, 0x08, 0x00, 0x00, 0x00, 0x00,
	0x00, 0x63, 0x63, 0x6b, 0x6b, 0x7f, 0x36, 0x36, 0x00, 0x00, 0x00, 0x00, 0x08, 0x00, 0x00, 0x00,
	0x00, 0x00, 0x63, 0x63, 0x36, 0x1c, 0x36, 0x63, 0x63, 0x00, 0x00, 0x00, 0x00, 0x08, 0x00, 0x00,
	0x00, 0x00, 0x00, 0x63, 0x63, 0x63, 0x63, 0x63, 0x63, 0x3f, 0x03, 0x06, 0x7c, 0x00, 0x08, 0x00,
	0x00, 0x00, 0x00, 0x00, 0x7f, 0x63, 0x06, 0x0c, 0x18, 0x31, 0x7f, 0x00, 0x00, 0x00, 0x00, 0x08,
	0x00, 0x03, 0x04, 0x0c, 0x0c, 0x0c, 0x08, 0x30, 0x08, 0x0c, 0x0c, 0x0c, 0x04, 0x03, 0x00, 0x00,
	0x08, 0x00, 0x00, 0x0c, 0x0c, 0x0c, 0x0c, 0x0c, 0x00, 0x0c, 0x0c, 0x0c, 0x0c, 0x0c, 0x00, 0x00,
	0x00, 0x08, 0x00, 0x60, 0x10, 0x18, 0x18, 0x18, 0x08, 0x06, 0x08, 0x18, 0x18, 0x18, 0x10, 0x60,
	0x00, 0x00, 0x08, 0x00, 0x00, 0x3b, 0x6e, 0x00, 0x00, 0x00, 0x00, 0x00, 0x00, 0x00, 0x00, 0x00,
	0x00, 0x00, 0x00, 0x08, 0x00, 0x00, 0x00, 0x00, 0x00, 0x08, 0x1c, 0x36, 0x63, 0x63, 0x7f, 0x00,
	0x00, 0x00, 0x00, 0x00, 0x00,
}

// GetGSE8x16Bold returns the GSE 8x16 bold pixel bitmap font data
func GetGSE8x16Bold() []byte {
	return cloneFontData(GSE8x16Bold)
}

// GetSimple4x6Font returns the simple 4x6 bitmap font data
//
// Deprecated: Use GetGSE4x6() instead for full AGG compatibility
func GetSimple4x6Font() []byte {
	// Return a minimal compatible font for backward compatibility
	return []byte{
		6,  // height
		5,  // baseline
		65, // start char ('A')
		3,  // num chars (A, B, C)
		// Character offset table (2 bytes per character, little endian)
		0x00, 0x00, // A offset
		0x07, 0x00, // B offset
		0x0E, 0x00, // C offset
		// Bitmap data
		3, 0x60, 0xA0, 0xE0, 0xA0, 0xA0, 0x00, // A
		3, 0xC0, 0xA0, 0xC0, 0xA0, 0xC0, 0x00, // B
		3, 0x60, 0x80, 0x80, 0x80, 0x60, 0x00, // C
	}
}
